v12,seed_name,volfrac_param,split,n_edges,n_junctions,n_endpoints,n_isolated_specks,mean_thickness_px,std_thickness_px,skeleton_length_px,n_components,solid_frac
-0.48336473,hourglass,0.35933727,train,84.0,42.0,8.0,0.0,6.848448663639694,1.7074966455666807,262.0,1.0,0.35107421875
-0.23657413,circle,0.527385,train,453.0,264.0,0.0,0.0,4.298873415901081,1.8442041566241107,742.0,1.0,0.5400390625
-0.20848592,square,0.541607,train,103.0,60.0,5.0,0.0,9.231197922763506,2.7126683941143805,265.0,1.0,0.544677734375
-0.5850048,hourglass,0.5860994,train,165.0,96.0,4.0,0.0,8.411742581153879,2.5372015968794974,385.0,1.0,0.57373046875
-0.572279,hourglass,0.54247093,train,166.0,93.0,4.0,0.0,7.87357520047246,2.6202008140523416,382.0,1.0,0.540283203125
-0.5771747,hourglass,0.518,train,154.0,85.0,7.0,0.0,7.8883370146497755,2.81159946013984,336.0,1.0,0.51318359375
-0.51613194,hourglass,0.52827585,train,215.0,118.0,8.0,0.0,8.767945598124799,2.8501105221243557,328.0,1.0,0.51513671875
-0.17296077,reentrant_bowtie,0.555146,train,168.0,95.0,4.0,0.0,10.20730195577797,8.059642667663647,286.0,1.0,0.556640625
-0.5582558,hourglass,0.61044663,train,170.0,95.0,2.0,0.0,8.415644070478136,2.683701051667714,395.0,1.0,0.60400390625
-0.08453317,reentrant_bowtie,0.5237437,test,120.0,69.0,8.0,0.0,8.658461559873011,3.5322423897711976,267.0,1.0,0.519287109375
-0.5707681,hourglass,0.64352554,train,162.0,95.0,5.0,0.0,8.58892415427978,2.5710662908663697,400.0,1.0,0.626953125
-0.46386743,hourglass,0.55572,train,273.0,150.0,7.0,0.0,7.092963286054464,3.190873720687171,488.0,1.0,0.5625
-0.03397591,reentrant_bowtie,0.54629403,train,133.0,77.0,6.0,0.0,10.005395020850807,8.180248206542165,287.0,1.0,0.540283203125
-0.60136646,hourglass,0.6473638,train,199.0,115.0,5.0,0.0,8.632338814581466,2.6156763436726185,415.0,1.0,0.6162109375
-0.669822,hourglass,0.6968253,train,137.0,75.0,9.0,0.0,10.597552654957218,2.5834968787714367,287.0,1.0,0.6103515625
-0.55819845,hourglass,0.61867255,train,171.0,96.0,3.0,0.0,8.659120273169913,2.838949822518494,400.0,1.0,0.608642578125
-0.5408186,hourglass,0.34421656,train,84.0,46.0,8.0,0.0,6.843230389400935,1.543024888628886,261.0,1.0,0.335205078125
-0.52662617,hourglass,0.47089887,train,112.0,57.0,8.0,0.0,8.878181138871366,1.8581466103873752,262.0,1.0,0.461669921875
-0.3993429,hexagonal,0.572494,test,332.0,188.0,5.0,0.0,6.436635141164369,3.5189981715273078,558.0,1.0,0.577392578125
-0.5420308,hourglass,0.41799718,train,112.0,58.0,8.0,0.0,7.973508861037025,1.885798581734752,263.0,1.0,0.407958984375
-0.4414768,hourglass,0.37428847,train,110.0,56.0,10.0,0.0,6.778927425442674,1.7248135875775146,267.0,1.0,0.3662109375
-0.62507874,hourglass,0.51209426,train,161.0,84.0,10.0,0.0,8.602808474012319,2.5669220784559186,308.0,1.0,0.50537109375
-0.31973284,reentrant_bowtie,0.540525,train,274.0,148.0,8.0,0.0,7.693946508870978,3.9308054914189685,358.0,1.0,0.546142578125
-0.4109131,circle,0.516801,train,237.0,132.0,24.0,0.0,6.0297584877129555,2.5260924398438336,460.0,1.0,0.5244140625
-0.5807277,hourglass,0.43404755,train,95.0,51.0,8.0,0.0,8.143842304798525,1.766265263115966,258.0,1.0,0.42919921875
-0.43192363,hexagonal,0.57656854,train,92.0,52.0,8.0,0.0,8.93065984219139,2.542742024919609,270.0,1.0,0.553466796875
-0.25438365,small_square_cross,0.651784,train,208.0,119.0,8.0,0.0,9.341801828136594,3.245927962592064,339.0,1.0,0.6376953125
-0.46950874,hourglass,0.35084772,train,96.0,48.0,8.0,0.0,6.838278132880909,1.6529645489254459,265.0,1.0,0.34326171875
-0.53588486,hourglass,0.4222097,train,109.0,56.0,8.0,0.0,8.03155706847288,1.937429493064499,262.0,1.0,0.41162109375
-0.42928484,hourglass,0.4087763,train,107.0,53.0,8.0,0.0,7.5131560320556465,1.9166894790753075,264.0,1.0,0.393798828125
-0.53002363,hourglass,0.502741,train,174.0,95.0,5.0,0.0,7.570084020977169,2.4168924053322502,366.0,1.0,0.50390625
-0.4546792,hourglass,0.40529895,train,105.0,52.0,8.0,0.0,7.554242817592499,1.9977203801383105,261.0,1.0,0.39208984375
-0.1977068,square,0.578535,train,332.0,190.0,11.0,0.0,5.955479348999145,2.6364164745524477,521.0,1.0,0.59228515625
-0.5388924,hourglass,0.53717595,val,198.0,111.0,9.0,0.0,7.014286849802449,2.933581844378648,392.0,1.0,0.516357421875
-0.5339024,hourglass,0.46975562,train,115.0,61.0,8.0,0.0,9.090882192583727,2.011933440670833,263.0,1.0,0.4609375
-0.49227706,hexagonal,0.513019,train,189.0,106.0,5.0,0.0,7.698407795043313,3.0282808198165276,367.0,1.0,0.5166015625
-0.49760205,hourglass,0.39087817,train,102.0,52.0,8.0,0.0,7.517533270481272,1.895562556481358,263.0,1.0,0.38525390625
-0.37155604,circle,0.530663,train,453.0,262.0,19.0,0.0,4.323558908719547,2.116470864240733,701.0,1.0,0.52783203125
-0.6593765,hourglass,0.694307,train,112.0,64.0,8.0,0.0,10.60735699430344,2.6280245064819083,284.0,1.0,0.6279296875
-0.42143852,hourglass,0.3622988,train,92.0,46.0,8.0,0.0,6.855512496498117,1.6793243369105226,264.0,1.0,0.354736328125
-0.51746386,hourglass,0.38895446,test,100.0,52.0,8.0,0.0,7.5430375891693755,1.9381889288237906,263.0,1.0,0.38525390625
-0.57392454,hourglass,0.4411834,train,120.0,61.0,8.0,0.0,8.432053407217419,1.840480025319731,267.0,1.0,0.4326171875
-0.28340274,circle_half_quarter,0.686166,train,319.0,186.0,10.0,0.0,6.533760156516915,2.7542871346497493,536.0,1.0,0.6240234375
-0.092420824,reentrant_bowtie,0.52489907,train,211.0,118.0,7.0,0.0,9.103493694385627,7.094436958696184,259.0,1.0,0.523193359375
-0.23353717,cross_rectangular,0.68739,train,256.0,145.0,15.0,0.0,9.469657035767373,3.480985821805104,384.0,1.0,0.68310546875
-0.5371657,hexagonal,0.553842,train,194.0,109.0,7.0,0.0,7.710004312224121,3.2177341878199397,396.0,1.0,0.548583984375
-0.4954689,hourglass,0.5545491,train,129.0,71.0,3.0,0.0,8.389880156906363,2.268820257612092,372.0,1.0,0.551025390625
-0.6142074,hourglass,0.5141796,test,156.0,81.0,10.0,0.0,8.53150682662715,2.566706859205115,307.0,1.0,0.50732421875
-0.59776497,hourglass,0.6203755,train,185.0,107.0,5.0,0.0,8.290075695965955,2.5796598526074344,400.0,1.0,0.59326171875
-0.5736804,hourglass,0.59929377,train,182.0,105.0,6.0,0.0,8.380444758299689,2.5867397581055926,403.0,1.0,0.58251953125
-0.25505832,hexagonal,0.534751,train,147.0,79.0,10.0,0.0,8.453179768600927,3.1820514053234903,306.0,1.0,0.541748046875
-0.38602364,hourglass,0.62199545,train,150.0,88.0,4.0,0.0,8.314494102625412,2.373708899561236,392.0,1.0,0.595458984375
-0.5824629,hourglass,0.58170533,test,171.0,99.0,6.0,0.0,8.316123460760027,2.5350554569500563,385.0,1.0,0.57080078125
-0.34851867,nine_circle,0.537411,val,443.0,242.0,25.0,0.0,4.558191020728152,2.54519676712089,682.0,1.0,0.529296875
-0.27341005,cross_rectangular,0.545638,train,257.0,138.0,11.0,0.0,7.184679055002251,2.9413244612995446,369.0,1.0,0.54296875
-0.6131072,hourglass,0.51360095,test,163.0,85.0,11.0,0.0,8.451274724918644,2.630990188143076,312.0,1.0,0.505859375
-0.096658796,reentrant_bowtie,0.561045,train,204.0,115.0,10.0,0.0,7.617189840080631,4.098939768226799,367.0,1.0,0.554931640625
-0.5580628,hourglass,0.5930796,train,157.0,92.0,4.0,0.0,8.24928574654477,2.4851737958470124,388.0,1.0,0.57373046875
-0.5486645,hourglass,0.5686047,train,171.0,95.0,3.0,0.0,8.09858784118948,2.5002517507086686,396.0,1.0,0.557373046875
-0.30608207,small_square_cross,0.582076,train,178.0,100.0,11.0,0.0,9.194929233357406,2.4816885404241127,309.0,1.0,0.58740234375
-0.56700206,hourglass,0.62850004,train,156.0,88.0,5.0,0.0,9.62486398084791,2.8987489890077898,319.0,1.0,0.617431640625
-0.21544062,grid_circular_voids,0.496705,train,308.0,174.0,11.0,0.0,4.805353987090065,2.284261677057398,582.0,1.0,0.50341796875
-0.4035803,hourglass,0.5896544,train,166.0,98.0,5.0,0.0,8.252481594427977,2.5645176114257326,394.0,1.0,0.573974609375
-0.24038702,hexagonal,0.5737433,train,177.0,104.0,9.0,0.0,6.899977209089634,2.9090742005127437,442.0,1.0,0.559326171875
-0.5328033,hourglass,0.40831813,train,100.0,52.0,8.0,0.0,7.556898387828228,1.8649134405259995,260.0,1.0,0.39453125
-0.99440295,hexagonal,0.505613,train,159.0,87.0,7.0,0.0,8.558492816362534,3.2416250424225086,295.0,1.0,0.5029296875
-0.40972096,reentrant_bowtie,0.510819,train,328.0,176.0,7.0,0.0,6.185233211774882,3.651202626159802,379.0,1.0,0.508544921875
-0.5377558,hourglass,0.40858427,train,104.0,54.0,8.0,0.0,7.5660063196860285,1.8443704119902031,260.0,1.0,0.397705078125
-0.5398974,hourglass,0.4866247,train,130.0,68.0,9.0,0.0,9.115031886198327,2.323347915919026,274.0,1.0,0.48486328125
-0.26463228,hexagonal,0.57133883,train,301.0,179.0,4.0,0.0,7.088900520481648,2.5432676090879114,444.0,1.0,0.568115234375
-0.46665847,hourglass,0.39198455,train,97.0,50.0,8.0,0.0,7.484657415197817,1.876669419463308,262.0,1.0,0.38525390625
-0.53747463,hourglass,0.48396358,train,119.0,63.0,8.0,0.0,9.05276805739267,2.129854311435368,270.0,1.0,0.47900390625
-0.57375056,hourglass,0.45314512,train,134.0,69.0,8.0,0.0,8.569041435517368,1.9305658320663381,270.0,1.0,0.447998046875
-0.38053465,nine_circle,0.526912,train,196.0,110.0,8.0,0.0,6.157459170700027,2.0072497804179337,459.0,1.0,0.527099609375
-0.5660182,hourglass,0.4487347,train,128.0,65.0,8.0,0.0,8.539644016146475,1.8872108913267787,271.0,1.0,0.445068359375
-0.36326233,grid_circular_voids,0.624021,train,71.0,40.0,5.0,0.0,8.474214284612007,2.7453139824528967,424.0,1.0,0.631591796875
-0.40466887,hourglass,0.6507817,train,178.0,104.0,4.0,0.0,8.310667752880585,2.5413038444948524,413.0,1.0,0.61474609375
-0.30051833,cross_rectangular,0.455142,train,159.0,90.0,12.0,0.0,5.903440876017264,1.716188856366181,392.0,1.0,0.4599609375
-0.5224632,hourglass,0.37600952,train,96.0,48.0,8.0,0.0,6.947384156114682,1.595200363019488,259.0,1.0,0.3681640625
-0.6015712,hourglass,0.564365,train,232.0,131.0,4.0,0.0,7.524745924900663,2.8300687717668356,431.0,1.0,0.553466796875
-0.5916033,hourglass,0.580626,train,179.0,101.0,4.0,0.0,8.200454151579487,2.93674528859906,406.0,1.0,0.578125
-0.13265185,reentrant_bowtie,0.529878,test,107.0,61.0,8.0,0.0,8.42344397000353,2.8504099647647223,265.0,1.0,0.524169921875
-0.4730491,cross_rectangular,0.509718,train,158.0,86.0,12.0,0.0,7.048269863459359,2.3329455557098453,323.0,1.0,0.512939453125
-0.33503926,hexagonal,0.52873594,train,235.0,132.0,12.0,0.0,6.79033325467512,3.457075974064382,400.0,1.0,0.5146484375
-0.43437117,hexagonal,0.53684074,test,138.0,74.0,7.0,0.0,9.576355241485336,2.432495945533867,271.0,1.0,0.52392578125
-0.0273465,small_square_cross,0.527904,train,142.0,80.0,14.0,0.0,7.789062204879871,2.0310617802683653,302.0,1.0,0.506591796875
-0.33613566,circle_half_quarter,0.551248,test,269.0,151.0,14.0,0.0,7.487438306835966,3.442573322325355,414.0,1.0,0.556396484375
-0.50377285,hourglass,0.5536003,train,130.0,69.0,3.0,0.0,8.544959424935236,2.25689134344137,364.0,1.0,0.550048828125
-0.5328033,hourglass,0.40831813,train,99.0,51.0,8.0,0.0,7.550912820483056,1.8649193204192807,259.0,1.0,0.39453125
-0.36016122,square,0.583205,train,721.0,413.0,14.0,0.0,4.178318819178966,2.1149113332032368,843.0,1.0,0.596435546875
-0.64861184,hourglass,0.556852,train,203.0,110.0,7.0,0.0,7.620719235713295,2.9454893253859136,394.0,1.0,0.53955078125
-0.4414094,grid_circular_voids,0.531176,train,351.0,203.0,5.0,0.0,5.137706754788207,2.17313142414619,599.0,1.0,0.534912109375
-0.4065336,hourglass,0.32068837,train,78.0,37.0,8.0,0.0,6.574632919589273,1.185314811947551,260.0,1.0,0.313232421875
-0.4258494,hourglass,0.41938028,train,105.0,54.0,8.0,0.0,7.919966006212796,1.9184026502882485,261.0,1.0,0.407958984375
-0.6365466,hourglass,0.507401,train,152.0,85.0,7.0,0.0,7.117024606499518,2.9259315618412454,366.0,1.0,0.494384765625
-0.35604268,square,0.503123,train,355.0,199.0,9.0,1.0,4.494439652953038,1.7309030865417978,602.0,1.0,0.498046875
-0.16213724,hexagonal,0.50257474,train,110.0,60.0,8.0,0.0,8.69428236291845,2.7041138976794175,288.0,1.0,0.50244140625
-0.2314161,circle,0.571578,train,373.0,202.0,14.0,0.0,6.567729979703722,2.968958354150498,478.0,1.0,0.57177734375
-0.49276426,hourglass,0.3947696,train,102.0,52.0,8.0,0.0,7.547951521431843,1.886994229389616,263.0,1.0,0.38671875
-0.2057824,circle,0.696511,train,239.0,132.0,10.0,0.0,10.555205353247068,3.472256687581829,354.0,1.0,0.69580078125
-0.37997752,nine_circle,0.524805,train,128.0,78.0,3.0,0.0,7.321132135926658,1.9883499852458277,438.0,1.0,0.53759765625
-0.39257708,hourglass,0.61168206,train,170.0,94.0,2.0,0.0,8.496855156281507,2.633966744547342,402.0,1.0,0.60595703125
-0.1935446,circle_half_quarter,0.526647,train,305.0,171.0,8.0,0.0,5.451168281423114,2.1320492332082686,552.0,1.0,0.543212890625
-0.46689454,small_square_cross,0.472026,train,282.0,169.0,12.0,0.0,4.353488768581572,1.6711870308612204,527.0,1.0,0.466552734375
-0.46571577,hourglass,0.44181928,train,116.0,58.0,8.0,0.0,8.381491317514925,2.0218016584490517,267.0,1.0,0.4326171875
-0.36650398,hexagonal,0.5631161,train,292.0,166.0,13.0,0.0,5.683869030010831,2.579231348253018,534.0,1.0,0.551025390625
-0.07133551,hexagonal,0.5631978,train,270.0,157.0,10.0,0.0,6.935478230057763,4.055555303182171,496.0,1.0,0.570068359375
-0.41228268,hexagonal,0.511751,train,463.0,259.0,21.0,0.0,4.097289166288248,1.417913901915454,689.0,1.0,0.5087890625
-0.398962,hourglass,0.58383167,train,162.0,94.0,3.0,0.0,8.099856530065383,2.25227364311959,388.0,1.0,0.56787109375
-0.29511702,cross_rectangular,0.599408,train,215.0,120.0,9.0,0.0,8.104920592852613,3.418723833811853,363.0,1.0,0.610107421875
-0.51972646,hourglass,0.4866247,train,130.0,68.0,9.0,0.0,9.115031886198327,2.3233479159190265,274.0,1.0,0.48486328125
-1.1543686,reentrant_bowtie,0.582308,train,211.0,121.0,4.0,0.0,10.41535943070103,7.581899511996243,342.0,1.0,0.570068359375
-0.4668736,four_circle,0.569889,train,718.0,382.0,26.0,0.0,4.041018189939097,1.6418138442714052,788.0,1.0,0.572265625
-0.40168947,hourglass,0.3133752,train,65.0,33.0,8.0,0.0,6.336101388435987,0.8718194741226936,256.0,1.0,0.3056640625
-0.4814165,hourglass,0.50159276,train,128.0,69.0,8.0,0.0,9.580232268466057,2.123234105385486,263.0,1.0,0.497802734375
-0.058951072,reentrant_bowtie,0.51343143,train,119.0,64.0,7.0,0.0,10.792834368841026,7.316630024172138,218.0,1.0,0.518310546875
-0.18855387,hexagonal,0.57587075,train,178.0,105.0,8.0,0.0,6.759186570419677,2.4283183974906613,432.0,1.0,0.57568359375
-0.4774157,hourglass,0.34381464,train,84.0,46.0,8.0,0.0,6.8425012805557595,1.5162289312478296,261.0,1.0,0.334716796875
-0.34020355,hexagonal,0.5528904,train,213.0,123.0,7.0,2.0,7.472120594514954,3.310017808452441,393.0,1.0,0.544189453125
-0.575476,hourglass,0.57957304,train,162.0,95.0,4.0,0.0,8.287765410727957,2.553658300912814,389.0,1.0,0.5703125
-0.39878222,hexagonal,0.532602,train,121.0,66.0,8.0,0.0,9.395175836222187,2.2080757556521036,276.0,1.0,0.5390625
-0.137247,four_circle,0.532904,train,280.0,164.0,16.0,0.0,5.027915477970056,1.2967940166141494,547.0,1.0,0.544921875
-0.14810109,circle_half_quarter,0.499124,train,174.0,104.0,8.0,0.0,6.369803387690339,1.9683705463288552,401.0,1.0,0.50146484375
-0.10064999,hexagonal,0.5294126,train,192.0,110.0,11.0,0.0,6.131305931330635,2.817721616643012,462.0,1.0,0.533203125
-0.44018474,hourglass,0.516274,train,135.0,70.0,6.0,0.0,8.371243113175629,2.4712151109777922,325.0,1.0,0.510498046875
-0.37142542,grid_circular_voids,0.533253,train,177.0,104.0,8.0,0.0,6.111823019419026,1.9991530098477057,453.0,1.0,0.544189453125
-0.44020948,hourglass,0.54384,train,284.0,159.0,9.0,0.0,7.007705149496712,3.0014430639224843,446.0,1.0,0.53857421875
-0.6501375,hourglass,0.6507817,train,179.0,106.0,4.0,0.0,8.155431130396634,2.5695806136686965,413.0,1.0,0.61474609375
-0.11681158,hexagonal,0.50001925,train,101.0,56.0,7.0,0.0,8.6390291935947,2.5104633816846715,278.0,1.0,0.50341796875
-0.8312682,hexagonal,0.523832,train,326.0,189.0,12.0,0.0,5.911871603815653,3.106347474664862,527.0,1.0,0.53076171875
-0.64300424,hourglass,0.553311,train,186.0,105.0,9.0,0.0,7.468015313907127,2.797621385316198,388.0,1.0,0.54541015625
-0.15854764,reentrant_bowtie,0.509699,train,96.0,56.0,8.0,0.0,8.71775491195896,2.6128536356386802,259.0,1.0,0.509765625
-0.41731688,four_circle,0.599862,train,811.0,438.0,32.0,0.0,4.0711416805030645,1.9426811337570733,919.0,1.0,0.609375
-0.33083296,cross_rectangular,0.564356,train,263.0,147.0,14.0,0.0,7.363719831373796,3.2719814796498783,387.0,1.0,0.572509765625
-0.66205186,hourglass,0.6838795,train,130.0,74.0,10.0,0.0,9.91454997781418,2.643282928304156,305.0,1.0,0.623291015625
-0.41300905,hourglass,0.36974657,train,88.0,44.0,8.0,0.0,6.91713379633015,1.6867943718167666,263.0,1.0,0.360595703125
-0.35725677,circle,0.508585,train,151.0,86.0,11.0,0.0,6.387000044842514,1.7689848360736857,416.0,1.0,0.5234375
-0.35771275,nine_circle,0.55183,train,339.0,202.0,9.0,0.0,5.158557003183714,2.6111034206778734,588.0,1.0,0.55322265625
-0.5069538,hourglass,0.33821413,train,77.0,40.0,8.0,0.0,6.58793803766117,1.2240495162119247,258.0,1.0,0.3271484375
-0.5410241,hourglass,0.46630993,train,115.0,61.0,8.0,0.0,9.090882192583727,2.011933440670833,263.0,1.0,0.4609375
-0.60294354,hourglass,0.6303553,train,141.0,81.0,6.0,0.0,8.532069543396828,2.6506624698106034,405.0,1.0,0.628662109375
-0.37848353,circle,0.596092,train,571.0,318.0,20.0,0.0,4.695247544006391,2.2210087389188535,689.0,1.0,0.593994140625
-0.4834431,hourglass,0.4675702,train,115.0,61.0,8.0,0.0,9.090882192583727,2.011933440670833,263.0,1.0,0.4609375
-0.51697767,hourglass,0.53509015,train,183.0,103.0,7.0,0.0,7.385854676388986,2.9448680466404324,381.0,1.0,0.51220703125
-0.41887,hourglass,0.505396,train,106.0,60.0,6.0,0.0,8.110630328762761,3.2309710678817827,307.0,1.0,0.497314453125
-0.5344479,hourglass,0.41938028,train,112.0,58.0,8.0,0.0,7.9509134421153425,1.896487186594544,263.0,1.0,0.407958984375
-0.5545954,hourglass,0.6185114,train,170.0,95.0,3.0,0.0,8.656870986268771,2.8246388666691464,400.0,1.0,0.6083984375
-0.4806385,reentrant_bowtie,0.520862,train,188.0,108.0,8.0,0.0,8.228101712919317,3.7184111397896817,301.0,1.0,0.52587890625
-0.5446444,hourglass,0.4291826,train,125.0,66.0,10.0,0.0,7.811655676971241,1.9021134520430085,275.0,1.0,0.417236328125
-0.5577818,hourglass,0.41217193,train,107.0,54.0,8.0,0.0,7.63901490174562,1.868897957402479,262.0,1.0,0.40185546875
-0.5296732,hourglass,0.6020572,train,180.0,102.0,5.0,0.0,8.505732341739952,2.513798718542451,399.0,1.0,0.592041015625
-0.5145031,hourglass,0.33656663,train,77.0,40.0,8.0,0.0,6.58793803766117,1.2240495162119247,258.0,1.0,0.3271484375
-0.27483296,four_circle,0.57232,train,320.0,178.0,5.0,0.0,5.583409333347782,2.2599657028790587,525.0,1.0,0.58056640625
-0.35369188,small_square_cross,0.460464,train,146.0,78.0,13.0,0.0,6.986976120081444,2.7102927351100408,318.0,1.0,0.46826171875
-0.3827175,four_circle,0.513114,train,364.0,201.0,18.0,0.0,5.057784527323052,1.553016147189848,575.0,1.0,0.5185546875
-0.5937091,hourglass,0.5909414,train,181.0,107.0,4.0,0.0,8.314200057459981,2.4612916319955715,397.0,1.0,0.577392578125
-0.5998857,hourglass,0.57097524,train,167.0,89.0,4.0,0.0,8.341490733200686,2.6721075913557217,383.0,1.0,0.558349609375
-0.59976834,hourglass,0.5701294,val,161.0,88.0,4.0,0.0,8.180726926789584,2.718426580754812,382.0,1.0,0.55712890625
-0.28814405,hexagonal,0.57264096,train,129.0,75.0,5.0,0.0,9.299999369208564,1.956293664931735,328.0,1.0,0.56884765625
-0.5845929,hourglass,0.5903823,train,173.0,101.0,5.0,0.0,8.29248309432721,2.606254927528003,389.0,1.0,0.57568359375
-0.51399404,hourglass,0.33674014,train,77.0,40.0,8.0,0.0,6.58793803766117,1.2240495162119247,258.0,1.0,0.3271484375
-0.6129061,hourglass,0.62372696,train,150.0,88.0,5.0,0.0,8.180941872698563,2.4298704237116375,399.0,1.0,0.59912109375
-0.455153,grid_circular_voids,0.571569,train,175.0,106.0,3.0,0.0,7.9036472615290645,2.780513440526486,362.0,1.0,0.578369140625
-0.26032153,hexagonal,0.5144524,train,140.0,79.0,8.0,0.0,8.77551550878351,2.85875115029142,291.0,1.0,0.50732421875
-0.50680655,hourglass,0.3964806,train,102.0,52.0,8.0,0.0,7.565766417564526,1.876068972244118,263.0,1.0,0.38671875
-0.3494182,hexagonal,0.5469021,train,182.0,100.0,4.0,0.0,7.867442000675899,2.810450489966329,381.0,1.0,0.548095703125
-0.49251714,reentrant_bowtie,0.528801,train,293.0,167.0,8.0,0.0,7.239652874849939,3.5059246832084243,392.0,1.0,0.535400390625
-0.43693265,hourglass,0.541637,train,243.0,133.0,7.0,0.0,7.0977526595114595,2.9654126003442367,425.0,1.0,0.542236328125
-0.37025464,square,0.536569,train,578.0,325.0,12.0,0.0,4.2132182850350715,1.9615497639667472,718.0,1.0,0.541259765625
-0.392982,hexagonal,0.5338183,train,162.0,94.0,4.0,0.0,7.670142477326866,2.442706417065563,381.0,1.0,0.5302734375
-0.20618016,circle_half_quarter,0.545029,train,395.0,224.0,14.0,0.0,4.747793752111337,1.7958455695506428,557.0,1.0,0.53515625
-0.49099052,hexagonal,0.5616089,train,146.0,80.0,7.0,0.0,10.216573196743054,2.538395220884559,275.0,1.0,0.55615234375
-0.33413583,hexagonal,0.50982,train,228.0,133.0,10.0,0.0,5.735128036104456,2.7436023816391955,525.0,1.0,0.50048828125
-0.17506728,hexagonal,0.5101252,train,208.0,121.0,13.0,0.0,5.861421769157902,2.375654613794238,481.0,1.0,0.510498046875
-0.38454095,hexagonal,0.5400701,train,359.0,207.0,17.0,0.0,4.421225901279788,1.8435816434008225,630.0,1.0,0.521240234375
-0.10137209,cross_rectangular,0.577078,train,92.0,55.0,7.0,0.0,9.26617988885027,2.2809336835834633,278.0,1.0,0.546630859375
-0.6188073,hourglass,0.52536,train,349.0,200.0,5.0,0.0,6.17470420532358,3.281319087152473,519.0,1.0,0.522705078125
-0.5292491,nine_circle,0.558643,train,323.0,191.0,3.0,0.0,5.856002823554172,2.588671262728713,499.0,1.0,0.562255859375
-0.03386795,reentrant_bowtie,0.5256004,train,204.0,116.0,7.0,0.0,9.469044931270314,7.370344562102147,263.0,1.0,0.523681640625
-0.2227295,small_square_cross,0.542741,train,271.0,157.0,4.0,0.0,6.168979862969102,2.9972270501188687,504.0,1.0,0.541748046875
-0.59536505,hourglass,0.56080586,train,179.0,99.0,4.0,0.0,7.902844859861792,2.7885836727361295,398.0,1.0,0.54833984375
-0.1074554,hexagonal,0.57561517,train,239.0,136.0,8.0,0.0,7.28856894295186,4.023639279098154,457.0,1.0,0.5771484375
-0.5724397,hourglass,0.551429,train,192.0,107.0,7.0,0.0,7.5998862996822565,2.7911370766445507,390.0,1.0,0.54443359375
-0.04520746,reentrant_bowtie,0.546484,train,213.0,120.0,4.0,0.0,9.183901196580504,7.1213854380028865,361.0,1.0,0.54150390625
-0.50761074,hourglass,0.5526241,train,138.0,73.0,4.0,0.0,8.265568619541483,2.3662363750570132,369.0,1.0,0.549072265625
-0.52504885,hourglass,0.4050041,train,93.0,48.0,8.0,0.0,7.522311259381194,1.9736903181668777,258.0,1.0,0.39208984375
-0.30147928,circle_half_quarter,0.548613,train,300.0,178.0,5.0,0.0,5.944106263886066,2.063198951342216,555.0,1.0,0.57080078125
-0.3663275,square,0.511189,train,584.0,327.0,18.0,0.0,3.5988698196230575,1.6653196076547676,815.0,1.0,0.511474609375
-0.41181752,hourglass,0.6389552,train,197.0,114.0,8.0,0.0,8.086321141983607,2.6345440124269723,425.0,1.0,0.60791015625
-0.49243858,hourglass,0.39501733,train,102.0,52.0,8.0,0.0,7.547951521431843,1.886994229389616,263.0,1.0,0.38671875
-0.39044002,hourglass,0.6159062,train,181.0,102.0,2.0,0.0,8.632064626509395,2.8183161334952587,404.0,1.0,0.6103515625
-0.4188198,hourglass,0.42727008,train,131.0,70.0,12.0,0.0,7.559454619815209,2.1078646788596487,277.0,1.0,0.41455078125
-0.41480562,hourglass,0.42551285,train,108.0,56.0,8.0,0.0,8.043891748829212,1.9176769598736583,262.0,1.0,0.41162109375
-0.51504254,hourglass,0.52956456,train,236.0,126.0,9.0,0.0,7.51265138632537,3.1543323758423267,390.0,1.0,0.515869140625
-0.7646966,hexagonal,0.560263,train,92.0,52.0,5.0,0.0,9.401729452866363,3.7063136485792856,263.0,1.0,0.561767578125
-1.6271887,reentrant_bowtie,0.552934,train,229.0,130.0,4.0,0.0,7.072047206046916,3.463496809756408,414.0,1.0,0.56103515625
-0.37744632,grid_circular_voids,0.662623,test,201.0,113.0,3.0,0.0,8.63825740190344,2.5226891594295706,423.0,1.0,0.66748046875
-0.46342432,nine_circle,0.519837,train,317.0,185.0,3.0,0.0,5.47311808034092,2.293484863317822,530.0,1.0,0.52197265625
-1.2373978,reentrant_bowtie,0.53373766,train,148.0,87.0,6.0,0.0,7.205791450686291,4.236695108481637,378.0,1.0,0.530029296875
-0.39217898,hexagonal,0.50124,train,228.0,122.0,10.0,0.0,7.223567433445477,3.4209724140761764,376.0,1.0,0.492919921875
-0.46710616,hourglass,0.39394948,train,102.0,52.0,8.0,0.0,7.547951521431843,1.886994229389616,263.0,1.0,0.38671875
