seed,objective,batch_id,volfrac,penal,rmin,move,void_size_frac
circle,auxetic,2,0.675166,3.631597,1.015083,0.120703,0.306524
circle,auxetic,2,0.514162,3.095523,2.092373,0.218694,0.427466
circle,auxetic,2,0.461826,4.798166,1.474843,0.173916,0.383181
circle,auxetic,2,0.617227,2.662111,2.370881,0.064888,0.501872
circle,auxetic,2,0.589829,4.391586,1.831781,0.077309,0.540952
circle,auxetic,2,0.489118,2.308449,1.310767,0.187033,0.361386
circle,auxetic,2,0.549248,3.99113,2.303296,0.22976,0.467792
circle,auxetic,2,0.639944,3.496255,1.600983,0.134002,0.285828
circle,auxetic,2,0.530324,4.907273,2.148144,0.139859,0.325533
circle,auxetic,2,0.689629,2.54275,1.721061,0.248897,0.520994
circle,auxetic,2,0.630476,3.850567,1.846219,0.193677,0.252245
circle,auxetic,2,0.481186,2.886806,1.237841,0.095671,0.445271
circle,auxetic,2,0.508585,4.240862,1.448718,0.059032,0.409416
circle,auxetic,2,0.603183,3.236269,2.432074,0.154779,0.305385
circle,auxetic,2,0.654543,4.563681,1.181916,0.21205,0.486237
circle,auxetic,2,0.565547,2.146607,1.984022,0.10234,0.379919
circle,auxetic,2,0.613405,4.453924,1.700224,0.106687,0.464376
circle,auxetic,2,0.450436,2.083502,2.215768,0.203996,0.270676
circle,auxetic,2,0.526041,4.116462,1.211531,0.159705,0.539971
circle,auxetic,2,0.679479,3.158509,1.919315,0.051558,0.34402
circle,auxetic,2,0.652084,3.761152,2.458409,0.087513,0.398332
circle,auxetic,2,0.55333,2.750648,1.375603,0.198114,0.505287
circle,auxetic,2,0.485526,4.855938,2.004839,0.241331,0.32389
circle,auxetic,2,0.578179,2.444683,1.114318,0.144889,0.428448
circle,auxetic,2,0.469048,3.901841,2.071554,0.126526,0.482767
circle,auxetic,2,0.626395,3.359947,1.082682,0.234687,0.364749
circle,auxetic,2,0.693223,4.340376,2.344547,0.178977,0.40849
circle,auxetic,2,0.541976,2.210233,1.547958,0.081657,0.288037
circle,auxetic,2,0.569371,4.688191,1.337075,0.06992,0.267414
circle,auxetic,2,0.665934,2.599246,1.758687,0.166349,0.448742
circle,auxetic,2,0.591306,3.506979,1.621822,0.223133,0.342881
circle,auxetic,2,0.504275,3.018004,2.235671,0.112543,0.52192
circle,auxetic,2,0.645077,4.738563,1.874068,0.117973,0.435187
circle,auxetic,2,0.54462,2.749543,1.268434,0.220761,0.317151
circle,auxetic,2,0.494237,3.644141,2.164284,0.165534,0.512027
circle,auxetic,2,0.585185,3.05515,1.739949,0.07378,0.391593
circle,auxetic,2,0.620408,4.046338,1.154072,0.08714,0.351341
circle,auxetic,2,0.459151,3.416148,1.953429,0.176637,0.53265
circle,auxetic,2,0.517327,4.383436,1.43258,0.233914,0.277997
circle,auxetic,2,0.672476,2.341498,2.41319,0.130455,0.457055
circle,auxetic,2,0.562369,3.811842,1.493956,0.148811,0.529241
circle,auxetic,2,0.65722,2.900632,2.386882,0.240552,0.33556
circle,auxetic,2,0.60002,4.99269,1.045904,0.19578,0.456062
circle,auxetic,2,0.511277,2.482232,2.12008,0.093003,0.260094
circle,auxetic,2,0.476054,4.598012,2.284179,0.055423,0.294777
circle,auxetic,2,0.635106,2.140106,1.58498,0.158897,0.40175
circle,auxetic,2,0.684512,4.15984,1.800959,0.201618,0.371488
circle,auxetic,2,0.53497,3.289462,1.283055,0.112111,0.476028
circle,auxetic,2,0.580873,4.108499,2.313949,0.104644,0.279088
circle,auxetic,2,0.482357,3.191378,1.520108,0.206555,0.474531
circle,auxetic,2,0.556009,4.508579,2.052665,0.150838,0.354646
circle,auxetic,2,0.648899,2.003941,1.066538,0.059768,0.547691
circle,auxetic,2,0.684126,4.868296,1.652421,0.098031,0.494551
circle,auxetic,2,0.520919,2.40449,2.263525,0.18821,0.390502
circle,auxetic,2,0.455068,3.702102,1.355968,0.245001,0.420145
circle,auxetic,2,0.608268,2.837532,1.774832,0.14066,0.313845
circle,auxetic,2,0.499626,4.258801,1.195523,0.134798,0.372598
circle,auxetic,2,0.596426,2.263973,1.900193,0.225857,0.493558
circle,auxetic,2,0.6613,3.936357,1.672507,0.181572,0.298064
circle,auxetic,2,0.574507,3.353266,2.18494,0.079675,0.416737
circle,auxetic,2,0.53928,3.592949,2.020846,0.065631,0.438532
circle,auxetic,2,0.69639,2.95694,1.133436,0.169982,0.258984
circle,auxetic,2,0.623715,4.649279,2.486121,0.213193,0.514255
circle,auxetic,2,0.472231,2.613252,1.406429,0.123,0.332273
circle,auxetic,2,0.547505,4.349004,2.445662,0.124406,0.489159
circle,auxetic,2,0.64236,2.353946,1.458622,0.214599,0.375825
circle,auxetic,2,0.584118,4.033884,1.967558,0.171774,0.415872
circle,auxetic,2,0.49538,3.450564,1.174996,0.067422,0.300101
circle,auxetic,2,0.460153,3.680038,1.714068,0.081027,0.255171
circle,auxetic,2,0.619208,3.044167,2.131652,0.182925,0.441173
circle,auxetic,2,0.669648,4.749553,1.247716,0.227606,0.331993
circle,auxetic,2,0.520109,2.713662,1.859733,0.136546,0.515706
circle,auxetic,2,0.660002,4.195725,1.327213,0.142403,0.470727
circle,auxetic,2,0.559541,3.278468,1.838729,0.246744,0.281721
circle,auxetic,2,0.510077,4.60899,1.587423,0.189568,0.547384
circle,auxetic,2,0.601022,2.104214,2.293375,0.099389,0.356125
circle,auxetic,2,0.636249,4.95827,2.082515,0.061566,0.386112
circle,auxetic,2,0.474988,2.494692,1.00154,0.152636,0.497769
circle,auxetic,2,0.532252,3.799399,2.377846,0.207956,0.312952
circle,auxetic,2,0.687397,2.935059,1.491353,0.106044,0.42221
circle,auxetic,2,0.483301,3.713079,1.771474,0.110783,0.337606
circle,auxetic,2,0.580097,2.801641,1.347688,0.20029,0.528367
circle,auxetic,2,0.645891,4.904182,2.219917,0.157172,0.26333
circle,auxetic,2,0.559094,2.393495,1.614101,0.053699,0.451654
circle,auxetic,2,0.52387,4.496137,1.075024,0.091621,0.40321
circle,auxetic,2,0.680976,2.038367,2.055817,0.194398,0.294488
circle,auxetic,2,0.607389,4.074077,1.558588,0.238785,0.478678
circle,auxetic,2,0.455901,3.203838,2.357398,0.147044,0.367666
circle,auxetic,2,0.597259,4.636826,1.391385,0.128682,0.31862
circle,auxetic,2,0.498747,2.647667,2.466112,0.232141,0.43489
circle,auxetic,2,0.571357,3.558516,1.101513,0.17526,0.394216
circle,auxetic,2,0.664251,2.969388,1.994255,0.085764,0.508232
circle,auxetic,2,0.699474,3.947346,2.205109,0.072062,0.534705
circle,auxetic,2,0.536272,3.317386,1.687391,0.163816,0.350457
circle,auxetic,2,0.471455,4.294699,1.92699,0.219428,0.460264
circle,auxetic,2,0.624658,2.252989,1.22724,0.11664,0.273616
circle,auxetic,2,0.514972,4.003578,1.568534,0.114268,0.365028
circle,auxetic,2,0.67428,3.461823,2.277231,0.224857,0.481316
circle,auxetic,2,0.614085,4.426001,1.296615,0.167676,0.291851
circle,auxetic,2,0.4648,2.295994,1.810879,0.071248,0.405848
circle,auxetic,2,0.492195,4.787183,2.39674,0.083424,0.449607
circle,auxetic,2,0.586797,2.698008,1.507499,0.180743,0.265377
circle,auxetic,2,0.639191,3.595717,2.113114,0.23607,0.526319
circle,auxetic,2,0.550199,3.106513,1.029394,0.127909,0.339653
circle,auxetic,2,0.69058,4.552687,1.939841,0.146265,0.271569
circle,auxetic,2,0.529572,2.182493,1.144168,0.242707,0.462311
circle,auxetic,2,0.478155,4.204971,2.429654,0.199887,0.34841
circle,auxetic,2,0.633553,3.247247,1.439499,0.089287,0.536752
circle,auxetic,2,0.606157,3.863027,1.275428,0.052891,0.505594
circle,auxetic,2,0.505443,2.852386,1.89056,0.161038,0.396854
circle,auxetic,2,0.564661,4.9417,1.730074,0.205714,0.432252
circle,auxetic,2,0.655353,2.530307,2.15077,0.108405,0.321258
circle,auxetic,2,0.453211,4.820047,1.117653,0.100549,0.518344
circle,auxetic,2,0.610555,2.45566,2.013142,0.210259,0.329356
circle,auxetic,2,0.678301,3.750156,1.419234,0.153372,0.443811
circle,auxetic,2,0.527051,2.786534,2.496706,0.057625,0.252533
circle,auxetic,2,0.55445,4.150888,1.910851,0.093922,0.302149
circle,auxetic,2,0.651009,3.146067,1.208356,0.191928,0.413824
circle,auxetic,2,0.575469,4.466384,2.177265,0.247546,0.377872
circle,auxetic,2,0.488434,2.04908,1.656799,0.138506,0.487112
cross_rectangular,auxetic,2,0.480049,3.97668,2.444034,0.14058,0.545779
cross_rectangular,auxetic,2,0.593105,2.283096,1.637999,0.211364,0.363251
cross_rectangular,auxetic,2,0.657253,4.646541,1.756881,0.178863,0.4686
cross_rectangular,auxetic,2,0.536384,2.953063,1.162528,0.069956,0.294897
cross_rectangular,auxetic,2,0.572167,4.527769,1.434705,0.077324,0.263401
cross_rectangular,auxetic,2,0.68568,3.209531,2.222431,0.17462,0.427729
cross_rectangular,auxetic,2,0.629589,3.860735,1.35996,0.242168,0.340837
cross_rectangular,auxetic,2,0.508262,2.542596,1.984345,0.106651,0.495241
cross_rectangular,auxetic,2,0.583838,4.944544,1.195565,0.118147,0.402396
cross_rectangular,auxetic,2,0.455142,2.887782,2.1012,0.233009,0.286097
cross_rectangular,auxetic,2,0.51636,4.088827,1.505327,0.150178,0.480746
cross_rectangular,auxetic,2,0.652869,2.031966,2.199303,0.097854,0.353277
cross_rectangular,auxetic,2,0.679313,3.551007,1.920703,0.054843,0.387114
cross_rectangular,auxetic,2,0.550219,2.61959,1.045099,0.196314,0.523958
cross_rectangular,auxetic,2,0.481433,4.403897,2.37394,0.213434,0.310851
cross_rectangular,auxetic,2,0.618338,3.472375,1.661654,0.134597,0.455276
cross_rectangular,auxetic,2,0.53075,4.304641,2.035787,0.125271,0.331479
cross_rectangular,auxetic,2,0.66777,3.361425,1.248073,0.222761,0.504596
cross_rectangular,auxetic,2,0.598739,3.661959,2.169501,0.193238,0.254008
cross_rectangular,auxetic,2,0.469531,2.718844,1.545105,0.057918,0.437122
cross_rectangular,auxetic,2,0.498264,4.199802,1.073345,0.088528,0.45924
cross_rectangular,auxetic,2,0.634705,2.131196,1.879369,0.159503,0.304251
cross_rectangular,auxetic,2,0.695679,4.845311,1.725694,0.229932,0.536382
cross_rectangular,auxetic,2,0.567051,2.77681,2.320059,0.121224,0.37264
cross_rectangular,auxetic,2,0.642848,3.772465,1.608381,0.103574,0.320211
cross_rectangular,auxetic,2,0.521498,2.466071,2.483996,0.245245,0.445922
cross_rectangular,auxetic,2,0.465163,4.604298,1.096931,0.165295,0.396511
cross_rectangular,auxetic,2,0.578699,3.297798,1.809205,0.086649,0.514569
cross_rectangular,auxetic,2,0.612742,4.723092,2.286655,0.06688,0.490105
cross_rectangular,auxetic,2,0.491912,3.041308,1.381009,0.181939,0.343922
cross_rectangular,auxetic,2,0.555816,3.888433,2.012407,0.202037,0.41179
cross_rectangular,auxetic,2,0.668834,2.206548,1.318442,0.149907,0.276704
cross_rectangular,auxetic,2,0.512418,4.710579,1.476218,0.145957,0.380414
cross_rectangular,auxetic,2,0.625436,3.028729,2.194352,0.205987,0.535422
cross_rectangular,auxetic,2,0.689339,4.041542,1.22321,0.185802,0.298804
cross_rectangular,auxetic,2,0.568509,2.359769,2.104686,0.063017,0.462565
cross_rectangular,auxetic,2,0.540051,3.785064,2.388764,0.084262,0.428433
cross_rectangular,auxetic,2,0.653588,2.478552,1.70066,0.167682,0.255297
cross_rectangular,auxetic,2,0.597252,4.451091,1.904414,0.247546,0.510958
cross_rectangular,auxetic,2,0.475903,3.144663,1.004629,0.101273,0.327825
cross_rectangular,auxetic,2,0.614198,4.116891,1.787101,0.123513,0.270104
cross_rectangular,auxetic,2,0.485571,2.048402,1.168566,0.227643,0.416268
cross_rectangular,auxetic,2,0.546545,4.97508,2.41235,0.157105,0.352886
cross_rectangular,auxetic,2,0.682985,2.906508,1.630496,0.090927,0.487954
cross_rectangular,auxetic,2,0.649217,4.387466,1.340363,0.06177,0.51974
cross_rectangular,auxetic,2,0.520009,3.444317,1.94059,0.189387,0.394047
cross_rectangular,auxetic,2,0.450979,3.532287,1.452837,0.2188,0.438386
cross_rectangular,auxetic,2,0.587999,2.58906,2.264722,0.129231,0.320347
cross_rectangular,auxetic,2,0.562913,3.632253,1.14032,0.132406,0.501568
cross_rectangular,auxetic,2,0.699818,2.700765,1.828435,0.215625,0.337222
cross_rectangular,auxetic,2,0.631032,4.275759,1.566457,0.19881,0.419079
cross_rectangular,auxetic,2,0.501939,3.344353,2.466231,0.052347,0.264657
cross_rectangular,auxetic,2,0.465882,4.863395,2.006002,0.094099,0.289412
cross_rectangular,auxetic,2,0.602391,2.806522,1.287856,0.153932,0.471958
cross_rectangular,auxetic,2,0.663609,4.21688,2.294524,0.237068,0.371059
cross_rectangular,auxetic,2,0.534913,2.160084,1.413059,0.114089,0.54478
cross_rectangular,auxetic,2,0.672987,4.538606,2.130129,0.110698,0.447779
cross_rectangular,auxetic,2,0.55166,3.220479,1.529915,0.238121,0.310953
cross_rectangular,auxetic,2,0.495569,3.709245,2.076624,0.170855,0.529095
cross_rectangular,auxetic,2,0.609083,2.39104,1.264728,0.081089,0.384689
cross_rectangular,auxetic,2,0.582364,3.965746,1.730279,0.07244,0.362276
cross_rectangular,auxetic,2,0.461496,2.272234,2.348802,0.176379,0.478557
cross_rectangular,auxetic,2,0.525644,4.798117,1.070225,0.209161,0.279458
cross_rectangular,auxetic,2,0.6387,3.104522,1.85209,0.142783,0.406908
cross_rectangular,auxetic,2,0.622163,4.48242,1.027083,0.141504,0.314907
cross_rectangular,auxetic,2,0.508611,3.163825,1.926125,0.206559,0.451146
cross_rectangular,auxetic,2,0.569829,3.812693,1.67825,0.176658,0.383077
cross_rectangular,auxetic,2,0.691194,2.494181,2.367099,0.074529,0.528069
cross_rectangular,auxetic,2,0.656632,4.024941,2.083183,0.078197,0.475483
cross_rectangular,auxetic,2,0.543598,2.331737,1.200988,0.169865,0.358616
cross_rectangular,auxetic,2,0.474812,4.691659,2.215899,0.239915,0.407642
cross_rectangular,auxetic,2,0.595658,2.998532,1.498487,0.111272,0.280777
cross_rectangular,auxetic,2,0.488584,3.502791,2.239577,0.113929,0.335609
cross_rectangular,auxetic,2,0.617777,2.570995,1.428415,0.234908,0.500541
cross_rectangular,auxetic,2,0.681925,4.358733,1.965779,0.155336,0.268611
cross_rectangular,auxetic,2,0.54492,3.42686,1.364833,0.096626,0.422447
cross_rectangular,auxetic,2,0.516767,4.989847,1.655144,0.050672,0.472693
cross_rectangular,auxetic,2,0.645379,2.933442,2.437744,0.198166,0.290731
cross_rectangular,auxetic,2,0.589288,4.136915,1.143961,0.218643,0.541704
cross_rectangular,auxetic,2,0.452863,2.080427,1.761754,0.13332,0.367397
cross_rectangular,auxetic,2,0.696332,4.247887,1.387718,0.130244,0.417
cross_rectangular,auxetic,2,0.559808,2.179659,2.269926,0.221718,0.271422
cross_rectangular,auxetic,2,0.503472,4.890617,1.313244,0.188839,0.484877
cross_rectangular,auxetic,2,0.632184,2.822468,2.030645,0.059999,0.349223
cross_rectangular,auxetic,2,0.606137,4.259481,2.490706,0.093549,0.392437
cross_rectangular,auxetic,2,0.469216,3.315909,1.591651,0.158413,0.518716
cross_rectangular,auxetic,2,0.533119,3.61374,1.804007,0.225583,0.324304
cross_rectangular,auxetic,2,0.662228,2.670251,1.115169,0.123255,0.441757
cross_rectangular,auxetic,2,0.555437,4.768207,1.874354,0.101947,0.532345
cross_rectangular,auxetic,2,0.67629,3.086778,1.091766,0.249241,0.376751
cross_rectangular,auxetic,2,0.60726,3.936698,2.326586,0.166788,0.463295
cross_rectangular,auxetic,2,0.494219,2.255187,1.708781,0.081274,0.300121
cross_rectangular,auxetic,2,0.457979,3.724426,1.243058,0.065203,0.259253
cross_rectangular,auxetic,2,0.57929,2.417653,2.054209,0.185985,0.431802
cross_rectangular,auxetic,2,0.640264,4.558945,1.551632,0.203483,0.326215
cross_rectangular,auxetic,2,0.526765,3.252095,2.152589,0.144579,0.509934
cross_rectangular,auxetic,2,0.591983,3.830594,1.959011,0.147063,0.442553
cross_rectangular,auxetic,2,0.478485,2.52371,1.335349,0.200999,0.316255
cross_rectangular,auxetic,2,0.539459,4.499681,2.24781,0.183781,0.515593
cross_rectangular,auxetic,2,0.66077,3.192896,1.459364,0.067406,0.398121
cross_rectangular,auxetic,2,0.687031,4.662136,1.186987,0.08532,0.347585
cross_rectangular,auxetic,2,0.57399,2.980636,1.782086,0.162742,0.493182
cross_rectangular,auxetic,2,0.504959,3.995876,1.613584,0.245475,0.275387
cross_rectangular,auxetic,2,0.625812,2.314482,2.418876,0.105713,0.41106
cross_rectangular,auxetic,2,0.456522,4.435864,1.683931,0.119501,0.50562
cross_rectangular,auxetic,2,0.585631,3.492364,2.395474,0.229336,0.333089
cross_rectangular,auxetic,2,0.649534,3.577999,1.022867,0.162472,0.433751
cross_rectangular,auxetic,2,0.512614,2.634393,1.899216,0.08949,0.25005
cross_rectangular,auxetic,2,0.549068,4.071406,2.177623,0.057808,0.302932
cross_rectangular,auxetic,2,0.677779,2.003291,1.482928,0.19103,0.458508
cross_rectangular,auxetic,2,0.621444,4.926444,2.122925,0.224215,0.376303
cross_rectangular,auxetic,2,0.484919,2.858229,1.218012,0.127748,0.53946
cross_rectangular,auxetic,2,0.665886,4.814763,2.342512,0.137171,0.284777
cross_rectangular,auxetic,2,0.52946,2.75824,1.747424,0.214792,0.401662
cross_rectangular,auxetic,2,0.473369,4.171391,1.856963,0.194204,0.356939
cross_rectangular,auxetic,2,0.601981,2.114975,1.051659,0.054633,0.483822
cross_rectangular,auxetic,2,0.63633,3.677961,1.523624,0.098915,0.524985
cross_rectangular,auxetic,2,0.499325,2.7461,2.147275,0.153048,0.388727
cross_rectangular,auxetic,2,0.563473,4.32416,1.269601,0.232509,0.451907
cross_rectangular,auxetic,2,0.692665,3.392398,2.058058,0.116328,0.306897
hexagonal,auxetic,2,0.674523,2.199435,1.040555,0.174012,0.292769
hexagonal,auxetic,2,0.515008,4.828047,1.853224,0.122866,0.521946
hexagonal,auxetic,2,0.512459,2.822269,1.604746,0.054174,0.373531
hexagonal,auxetic,2,0.598979,3.951064,2.407802,0.205222,0.443472
hexagonal,auxetic,2,0.632963,3.414859,2.018056,0.248773,0.404693
hexagonal,auxetic,2,0.477474,3.792011,1.344457,0.098112,0.334889
hexagonal,auxetic,2,0.544997,2.557467,2.197547,0.129316,0.485648
hexagonal,auxetic,2,0.643597,4.434802,1.533745,0.180075,0.256333
hexagonal,auxetic,2,0.528796,2.939478,2.301824,0.194053,0.349926
hexagonal,auxetic,2,0.692033,4.068185,1.429829,0.146569,0.429536
hexagonal,auxetic,2,0.585451,2.082269,2.124718,0.077761,0.278503
hexagonal,auxetic,2,0.49472,4.710793,1.237434,0.225343,0.498598
hexagonal,auxetic,2,0.46378,2.674721,1.688338,0.219296,0.537377
hexagonal,auxetic,2,0.615424,4.551968,2.324582,0.07132,0.317144
hexagonal,auxetic,2,0.657031,3.297738,1.121028,0.102616,0.465834
hexagonal,auxetic,2,0.562765,3.674802,1.77238,0.150494,0.386363
hexagonal,auxetic,2,0.594794,3.181355,1.398923,0.157238,0.483869
hexagonal,auxetic,2,0.500035,3.553834,2.2386,0.108384,0.263916
hexagonal,auxetic,2,0.52651,2.607961,1.221445,0.064576,0.412333
hexagonal,auxetic,2,0.677661,4.480989,2.047297,0.213527,0.333163
hexagonal,auxetic,2,0.64821,2.157822,2.401886,0.232477,0.371796
hexagonal,auxetic,2,0.556994,4.778841,1.704392,0.083138,0.451122
hexagonal,auxetic,2,0.466522,3.058792,1.835681,0.139434,0.300361
hexagonal,auxetic,2,0.629274,4.18036,1.151829,0.188675,0.520158
hexagonal,auxetic,2,0.482235,2.443874,1.9189,0.187197,0.464063
hexagonal,auxetic,2,0.581327,4.316996,1.068238,0.134681,0.393974
hexagonal,auxetic,2,0.695233,3.345393,2.482731,0.090989,0.54501
hexagonal,auxetic,2,0.540236,3.717966,1.623919,0.243407,0.31539
hexagonal,auxetic,2,0.574701,2.89466,1.325361,0.211954,0.276757
hexagonal,auxetic,2,0.661705,4.016322,1.94302,0.05993,0.506221
hexagonal,auxetic,2,0.611796,2.321815,1.505946,0.116134,0.35753
hexagonal,auxetic,2,0.452767,4.942928,2.131937,0.168256,0.427774
hexagonal,auxetic,2,0.640397,2.769444,2.091871,0.163971,0.512501
hexagonal,auxetic,2,0.549182,3.898431,1.264736,0.114145,0.302081
hexagonal,auxetic,2,0.474335,2.263982,2.286285,0.057843,0.452842
hexagonal,auxetic,2,0.637086,4.89242,1.45082,0.207767,0.364139
hexagonal,auxetic,2,0.602607,2.469503,1.099905,0.238439,0.325584
hexagonal,auxetic,2,0.507847,4.34702,1.787969,0.089683,0.414131
hexagonal,auxetic,2,0.518697,3.49114,1.661075,0.133473,0.265714
hexagonal,auxetic,2,0.669849,3.868107,2.357287,0.182131,0.47629
hexagonal,auxetic,2,0.566889,2.006194,1.577856,0.193155,0.420196
hexagonal,auxetic,2,0.653892,4.634537,2.440878,0.141229,0.359326
hexagonal,auxetic,2,0.619608,3.027281,1.01906,0.085031,0.508017
hexagonal,auxetic,2,0.46058,4.156173,1.868442,0.236859,0.269179
hexagonal,auxetic,2,0.490047,3.233398,2.182369,0.218691,0.307734
hexagonal,auxetic,2,0.58914,3.61027,1.555097,0.065687,0.546729
hexagonal,auxetic,2,0.687421,2.727386,1.984848,0.109398,0.395692
hexagonal,auxetic,2,0.532423,4.604808,1.371399,0.162499,0.456407
hexagonal,auxetic,2,0.625151,2.613924,2.456933,0.154779,0.254613
hexagonal,auxetic,2,0.469661,4.486777,1.655159,0.104605,0.493304
hexagonal,auxetic,2,0.552809,3.163699,1.899242,0.073407,0.342546
hexagonal,auxetic,2,0.65141,3.536369,1.082362,0.223483,0.402974
hexagonal,auxetic,2,0.682334,3.099907,1.491872,0.230311,0.441675
hexagonal,auxetic,2,0.522822,4.221289,2.151463,0.079067,0.38111
hexagonal,auxetic,2,0.504647,2.12844,1.293979,0.147777,0.529525
hexagonal,auxetic,2,0.591166,4.74964,1.968858,0.199119,0.290972
hexagonal,auxetic,2,0.455967,3.374615,1.189702,0.175595,0.384566
hexagonal,auxetic,2,0.607611,3.747374,2.072774,0.127521,0.473412
hexagonal,auxetic,2,0.664844,2.402966,1.38521,0.096219,0.324722
hexagonal,auxetic,2,0.570577,4.275907,2.258487,0.244391,0.535581
hexagonal,auxetic,2,0.536609,2.33931,1.815651,0.200059,0.49688
hexagonal,auxetic,2,0.699845,4.960598,1.165582,0.053062,0.286158
hexagonal,auxetic,2,0.577638,2.888902,2.37646,0.121852,0.437191
hexagonal,auxetic,2,0.486908,4.010373,1.736003,0.168751,0.348208
hexagonal,auxetic,2,0.550284,3.463624,2.317268,0.171616,0.471509
hexagonal,auxetic,2,0.639241,3.836286,1.701071,0.119006,0.382953
hexagonal,auxetic,2,0.634253,2.513215,1.756189,0.050198,0.531334
hexagonal,auxetic,2,0.477176,4.386059,1.131662,0.202906,0.320766
hexagonal,auxetic,2,0.504701,2.250393,1.442478,0.246468,0.284546
hexagonal,auxetic,2,0.605746,4.871595,2.294605,0.094148,0.494976
hexagonal,auxetic,2,0.670822,2.778744,1.248155,0.125443,0.344251
hexagonal,auxetic,2,0.517779,3.90013,2.108429,0.177666,0.432945
hexagonal,auxetic,2,0.656994,2.724128,1.328632,0.198011,0.48935
hexagonal,auxetic,2,0.563825,4.597067,2.027592,0.148867,0.250365
hexagonal,auxetic,2,0.459683,3.252663,1.526062,0.080175,0.401364
hexagonal,auxetic,2,0.620482,3.625418,2.211381,0.229221,0.34064
hexagonal,auxetic,2,0.587961,2.989612,1.862845,0.223162,0.37686
hexagonal,auxetic,2,0.491249,4.111091,1.024635,0.073722,0.437721
hexagonal,auxetic,2,0.535304,2.039385,2.421548,0.104926,0.289067
hexagonal,auxetic,2,0.684502,4.660681,1.597162,0.154464,0.527915
hexagonal,auxetic,2,0.472572,2.10762,1.950286,0.159634,0.361232
hexagonal,auxetic,2,0.622263,4.736049,1.312574,0.112244,0.421806
hexagonal,auxetic,2,0.6502,3.101607,2.148088,0.068552,0.273427
hexagonal,auxetic,2,0.553981,4.230586,1.495271,0.215844,0.511972
hexagonal,auxetic,2,0.521955,3.13188,1.055549,0.234782,0.548339
hexagonal,auxetic,2,0.683239,3.508849,1.926078,0.087102,0.309639
hexagonal,auxetic,2,0.594237,2.652968,1.613148,0.143307,0.460361
hexagonal,auxetic,2,0.501553,4.530487,2.498966,0.191084,0.399942
hexagonal,auxetic,2,0.608553,2.843816,1.720176,0.183239,0.306036
hexagonal,auxetic,2,0.455018,3.972706,2.392311,0.132383,0.516749
hexagonal,auxetic,2,0.567461,2.365453,1.159458,0.088575,0.365752
hexagonal,auxetic,2,0.668014,4.993794,1.821797,0.239529,0.454744
hexagonal,auxetic,2,0.69698,2.395223,2.228926,0.208088,0.418377
hexagonal,auxetic,2,0.539419,4.272653,1.414794,0.057528,0.329541
hexagonal,auxetic,2,0.48804,3.38976,2.033509,0.113824,0.478194
hexagonal,auxetic,2,0.576513,3.766641,1.22899,0.164286,0.267326
hexagonal,auxetic,2,0.514143,2.518974,1.541332,0.166374,0.392364
hexagonal,auxetic,2,0.675426,4.392009,2.189938,0.11801,0.462158
hexagonal,auxetic,2,0.60205,3.446128,1.361748,0.061812,0.311436
hexagonal,auxetic,2,0.509366,3.818614,2.000741,0.210078,0.54076
hexagonal,auxetic,2,0.480384,2.819652,2.448531,0.240738,0.504315
hexagonal,auxetic,2,0.630075,3.941217,1.563994,0.09364,0.275147
hexagonal,auxetic,2,0.642388,2.221172,1.884248,0.137351,0.423525
hexagonal,auxetic,2,0.546168,4.842188,1.009509,0.184546,0.353575
hexagonal,auxetic,2,0.689167,3.282043,1.777221,0.189192,0.25967
hexagonal,auxetic,2,0.531608,3.654619,1.116164,0.138924,0.479912
hexagonal,auxetic,2,0.495853,2.683014,2.344622,0.082622,0.331259
hexagonal,auxetic,2,0.584325,4.556139,1.668275,0.232988,0.410722
hexagonal,auxetic,2,0.616366,2.057043,1.280911,0.214831,0.447167
hexagonal,auxetic,2,0.46283,4.678148,2.081218,0.063291,0.367549
hexagonal,auxetic,2,0.559648,2.983647,1.458108,0.10708,0.518545
hexagonal,auxetic,2,0.660202,4.105302,2.273522,0.158523,0.298458
hexagonal,auxetic,2,0.496888,3.048943,1.179396,0.152376,0.431147
hexagonal,auxetic,2,0.597934,4.177747,1.808136,0.10074,0.35183
hexagonal,auxetic,2,0.678635,2.171959,1.745693,0.069438,0.502555
hexagonal,auxetic,2,0.52559,4.80058,2.360608,0.221172,0.282749
hexagonal,auxetic,2,0.558097,2.565164,2.065161,0.228012,0.319047
hexagonal,auxetic,2,0.647053,4.442497,1.203604,0.07511,0.53899
hexagonal,auxetic,2,0.62644,3.207957,2.24273,0.143899,0.39061
hexagonal,auxetic,2,0.469364,3.585107,1.394815,0.196704,0.46979
hourglass,auxetic,2,0.479521,3.435371,1.604691,0.196696,0.501286
hourglass,auxetic,2,0.589941,3.924591,2.455244,0.13137,0.280087
hourglass,auxetic,2,0.656145,2.675484,1.000938,0.088339,0.437109
hourglass,auxetic,2,0.514826,4.717438,1.933271,0.227298,0.344228
hourglass,auxetic,2,0.555343,2.103251,2.145177,0.220884,0.365857
hourglass,auxetic,2,0.694785,4.514082,1.539755,0.057303,0.452879
hourglass,auxetic,2,0.613039,2.879984,1.963367,0.112833,0.300508
hourglass,auxetic,2,0.504222,3.749799,1.345839,0.152781,0.518191
hourglass,auxetic,2,0.591797,2.462852,2.117414,0.162963,0.472989
hourglass,auxetic,2,0.450265,4.920549,1.19838,0.102703,0.383055
hourglass,auxetic,2,0.53996,3.179526,2.275495,0.070513,0.540096
hourglass,auxetic,2,0.650593,4.189957,1.414572,0.207531,0.315985
hourglass,auxetic,2,0.673476,3.005455,1.15798,0.238994,0.26287
hourglass,auxetic,2,0.564873,3.635314,1.782811,0.076598,0.481122
hourglass,auxetic,2,0.490994,2.258752,1.737868,0.146289,0.328806
hourglass,auxetic,2,0.630222,4.347595,2.327198,0.181927,0.415224
hourglass,auxetic,2,0.521067,2.323483,1.271623,0.178912,0.287762
hourglass,auxetic,2,0.6626,4.318751,2.038315,0.142883,0.531231
hourglass,auxetic,2,0.580771,3.0343,1.429218,0.087376,0.374209
hourglass,auxetic,2,0.470137,3.570582,2.254983,0.247038,0.44482
hourglass,auxetic,2,0.509698,3.232356,1.809182,0.203515,0.424069
hourglass,auxetic,2,0.618303,4.149579,1.125759,0.06845,0.356975
hourglass,auxetic,2,0.684424,2.50323,2.38872,0.111456,0.509345
hourglass,auxetic,2,0.545194,4.867718,1.670482,0.172888,0.271735
hourglass,auxetic,2,0.645115,2.827343,2.452317,0.161192,0.334521
hourglass,auxetic,2,0.534694,3.791455,1.613481,0.123197,0.409215
hourglass,auxetic,2,0.460624,2.061595,1.848305,0.053532,0.252175
hourglass,auxetic,2,0.601944,4.566723,1.091754,0.218284,0.491525
hourglass,auxetic,2,0.623983,2.611307,1.489955,0.236856,0.546104
hourglass,auxetic,2,0.484539,4.74719,2.200845,0.097507,0.31027
hourglass,auxetic,2,0.574044,3.405619,1.307751,0.129674,0.462586
hourglass,auxetic,2,0.682862,3.988768,2.007312,0.192265,0.393751
hourglass,auxetic,2,0.497952,2.719844,2.306347,0.18771,0.274937
hourglass,auxetic,2,0.606664,4.662091,1.38445,0.127853,0.506079
hourglass,auxetic,2,0.696305,3.484859,2.089306,0.095761,0.358413
hourglass,auxetic,2,0.556694,3.88609,1.225753,0.232375,0.422567
hourglass,auxetic,2,0.517375,2.935972,1.718917,0.213461,0.439792
hourglass,auxetic,2,0.658527,3.706264,2.346883,0.052225,0.379155
hourglass,auxetic,2,0.584595,2.140927,1.173821,0.121816,0.522097
hourglass,auxetic,2,0.474067,4.463954,1.766242,0.156294,0.296813
hourglass,auxetic,2,0.635622,3.130045,1.043691,0.171161,0.39693
hourglass,auxetic,2,0.496286,4.228453,1.891247,0.106995,0.459342
hourglass,auxetic,2,0.562543,2.418496,1.565047,0.063868,0.311696
hourglass,auxetic,2,0.67098,4.975889,2.494153,0.201668,0.544614
hourglass,auxetic,2,0.649188,2.22108,1.956319,0.245631,0.48651
hourglass,auxetic,2,0.538386,4.397716,1.353622,0.082453,0.257108
hourglass,auxetic,2,0.456694,2.949475,2.149481,0.13808,0.400104
hourglass,auxetic,2,0.598121,3.678845,1.534721,0.177625,0.34355
hourglass,auxetic,2,0.55146,3.084512,1.888315,0.186329,0.516093
hourglass,auxetic,2,0.690795,3.532819,1.05248,0.147956,0.302524
hourglass,auxetic,2,0.616779,2.367106,2.409196,0.078389,0.45019
hourglass,auxetic,2,0.508343,4.262678,1.655871,0.243519,0.368464
hourglass,auxetic,2,0.467584,2.541635,1.303812,0.212495,0.352703
hourglass,auxetic,2,0.578385,4.818329,2.011979,0.071962,0.42857
hourglass,auxetic,2,0.667943,3.287605,1.496638,0.104029,0.285628
hourglass,auxetic,2,0.526517,4.105315,2.193428,0.167804,0.495681
hourglass,auxetic,2,0.677466,2.017968,1.457692,0.154549,0.413138
hourglass,auxetic,2,0.568755,4.622802,2.227243,0.117336,0.330809
hourglass,auxetic,2,0.486873,2.777123,1.240405,0.061734,0.478455
hourglass,auxetic,2,0.626482,3.829222,2.068804,0.22258,0.265455
hourglass,auxetic,2,0.603353,3.350363,2.373247,0.228653,0.324438
hourglass,auxetic,2,0.462202,4.033036,1.686686,0.093209,0.531579
hourglass,auxetic,2,0.528269,2.572898,1.827766,0.136312,0.388583
hourglass,auxetic,2,0.638795,4.796587,1.10644,0.198122,0.467397
hourglass,auxetic,2,0.608726,2.176787,1.792764,0.199065,0.334277
hourglass,auxetic,2,0.500777,4.452998,1.141441,0.135301,0.40956
hourglass,auxetic,2,0.559031,2.900052,2.31451,0.09071,0.266619
hourglass,auxetic,2,0.698856,3.717279,1.745423,0.231232,0.477255
hourglass,auxetic,2,0.660375,3.472457,1.205415,0.224768,0.535176
hourglass,auxetic,2,0.518461,3.920464,2.103794,0.059625,0.321024
hourglass,auxetic,2,0.475641,2.732345,1.398921,0.116716,0.468689
hourglass,auxetic,2,0.585954,4.627618,2.286014,0.155102,0.387548
hourglass,auxetic,2,0.494437,2.961989,1.555443,0.166892,0.306013
hourglass,auxetic,2,0.634537,3.644356,2.134622,0.10507,0.512568
hourglass,auxetic,2,0.669407,2.208694,1.338745,0.074443,0.369571
hourglass,auxetic,2,0.561183,4.432077,1.977046,0.209898,0.448973
hourglass,auxetic,2,0.536324,2.38257,2.46799,0.241313,0.432224
hourglass,auxetic,2,0.646363,4.986915,1.597077,0.080479,0.349305
hourglass,auxetic,2,0.595784,3.165895,1.923283,0.148606,0.496953
hourglass,auxetic,2,0.454144,4.217505,1.017512,0.185806,0.28454
hourglass,auxetic,2,0.688737,3.300199,2.207863,0.175028,0.458291
hourglass,auxetic,2,0.548639,4.070751,1.476339,0.140561,0.398239
hourglass,auxetic,2,0.50601,2.529324,1.991698,0.083494,0.541179
hourglass,auxetic,2,0.614232,4.852611,1.318243,0.244719,0.315313
hourglass,auxetic,2,0.57654,2.331095,1.623441,0.201145,0.255928
hourglass,auxetic,2,0.466502,4.273785,2.435759,0.064518,0.487653
hourglass,auxetic,2,0.524947,3.120281,1.079036,0.109086,0.339988
hourglass,auxetic,2,0.666586,3.521955,1.855902,0.168955,0.403556
hourglass,auxetic,2,0.5706,2.608656,1.13851,0.158873,0.505007
hourglass,auxetic,2,0.678547,4.785729,1.801553,0.119317,0.276192
hourglass,auxetic,2,0.628052,3.314345,1.660467,0.051214,0.419189
hourglass,auxetic,2,0.488229,4.044153,2.405333,0.214404,0.362047
hourglass,auxetic,2,0.46426,2.764828,2.053984,0.232928,0.377918
hourglass,auxetic,2,0.606174,3.863491,1.261075,0.095141,0.440919
hourglass,auxetic,2,0.641128,2.030575,2.247931,0.125743,0.293271
hourglass,auxetic,2,0.530815,4.588222,1.442867,0.189897,0.525602
hourglass,auxetic,2,0.588336,2.843974,1.366487,0.191639,0.405582
hourglass,auxetic,2,0.478191,3.760908,1.948575,0.13022,0.337898
hourglass,auxetic,2,0.513008,2.139017,1.524957,0.099689,0.49027
hourglass,auxetic,2,0.655029,4.503217,2.165843,0.234742,0.253247
hourglass,auxetic,2,0.692479,2.688076,1.907076,0.215778,0.306764
hourglass,auxetic,2,0.552762,4.682871,1.032983,0.056104,0.549646
hourglass,auxetic,2,0.50213,3.423063,2.487307,0.124135,0.392623
hourglass,auxetic,2,0.610245,3.958873,1.578491,0.160176,0.463823
hourglass,auxetic,2,0.452571,2.246456,2.353787,0.173532,0.527613
hourglass,auxetic,2,0.594378,4.381862,1.705415,0.110928,0.291196
hourglass,auxetic,2,0.652686,3.018063,1.750377,0.066237,0.443512
hourglass,auxetic,2,0.542754,3.600735,1.184564,0.205599,0.375261
hourglass,auxetic,2,0.566477,3.215285,1.39425,0.249514,0.353522
hourglass,auxetic,2,0.674806,4.179102,2.28995,0.084774,0.427632
hourglass,auxetic,2,0.632039,2.426832,1.212829,0.141964,0.270592
hourglass,auxetic,2,0.492109,4.931665,2.097109,0.179946,0.510525
hourglass,auxetic,2,0.664201,2.49083,1.702488,0.184011,0.384271
hourglass,auxetic,2,0.522393,4.902092,2.362577,0.144076,0.471882
hourglass,auxetic,2,0.471951,3.244857,1.099598,0.07607,0.319511
hourglass,auxetic,2,0.581883,4.115104,1.841193,0.239638,0.536607
hourglass,auxetic,2,0.620605,3.070157,2.24015,0.208565,0.482211
hourglass,auxetic,2,0.512275,3.559626,1.449918,0.069594,0.261599
hourglass,auxetic,2,0.547282,2.287565,2.059021,0.100101,0.418621
hourglass,auxetic,2,0.687214,4.329768,1.256774,0.165439,0.325152
square,auxetic,2,0.491099,4.958885,1.590303,0.214654,0.494694
square,auxetic,2,0.633875,2.452763,2.45149,0.112693,0.266166
square,auxetic,2,0.64065,3.98781,1.270502,0.099017,0.472228
square,auxetic,2,0.533397,3.35349,2.108436,0.19708,0.363266
square,auxetic,2,0.561804,3.747802,2.274651,0.157869,0.353165
square,auxetic,2,0.672782,2.937242,1.436809,0.056972,0.405921
square,auxetic,2,0.601676,4.261398,1.862027,0.130024,0.31257
square,auxetic,2,0.462744,2.306515,1.000564,0.228567,0.522322
square,auxetic,2,0.621206,4.103838,1.799981,0.246426,0.424499
square,auxetic,2,0.505712,3.234502,1.161169,0.144977,0.336586
square,auxetic,2,0.518835,4.699465,2.137163,0.06802,0.542437
square,auxetic,2,0.653249,2.709244,1.475097,0.167133,0.292841
square,auxetic,2,0.691431,4.564923,1.314652,0.177928,0.282965
square,auxetic,2,0.545114,2.000024,1.97681,0.075982,0.476337
square,auxetic,2,0.479379,3.675879,1.745045,0.112315,0.382775
square,auxetic,2,0.583094,3.00622,2.383582,0.210344,0.451893
square,auxetic,2,0.537967,3.528161,1.105505,0.202408,0.319666
square,auxetic,2,0.649523,3.039684,1.756037,0.101501,0.520081
square,auxetic,2,0.625048,4.528074,1.519042,0.08704,0.350923
square,auxetic,2,0.486514,2.156992,2.192827,0.18562,0.413018
square,auxetic,2,0.452421,4.756822,2.026614,0.1717,0.460591
square,auxetic,2,0.59468,2.584502,1.352737,0.069703,0.379717
square,auxetic,2,0.679824,4.236908,2.345497,0.143538,0.511146
square,auxetic,2,0.572112,3.17467,1.695241,0.241615,0.254528
square,auxetic,2,0.668103,4.409575,2.489577,0.233375,0.399246
square,auxetic,2,0.52133,2.272594,1.640108,0.131466,0.440276
square,auxetic,2,0.503202,3.784192,2.05863,0.055286,0.271347
square,auxetic,2,0.606397,2.780731,1.232415,0.153305,0.492809
square,auxetic,2,0.582079,3.930912,1.392863,0.189391,0.540175
square,auxetic,2,0.466982,3.477775,2.218986,0.087956,0.299917
square,auxetic,2,0.557496,4.825356,1.056229,0.12351,0.431575
square,auxetic,2,0.692492,2.513052,1.905973,0.222587,0.334323
square,auxetic,2,0.459452,4.019434,2.162886,0.219919,0.258748
square,auxetic,2,0.606196,3.389228,1.500636,0.12149,0.505992
square,auxetic,2,0.669246,4.924493,1.825528,0.091416,0.374343
square,auxetic,2,0.566081,2.413891,1.1869,0.193743,0.464591
square,auxetic,2,0.529853,4.309127,1.722255,0.151308,0.418393
square,auxetic,2,0.644919,2.373019,2.360976,0.052595,0.346921
square,auxetic,2,0.630576,3.697301,1.292031,0.135793,0.515859
square,auxetic,2,0.495612,2.867601,1.954006,0.23686,0.324821
square,auxetic,2,0.587606,4.667935,1.247884,0.238141,0.328948
square,auxetic,2,0.476079,2.673415,2.085635,0.139199,0.435576
square,auxetic,2,0.549383,4.138139,1.56751,0.072406,0.304138
square,auxetic,2,0.687887,3.273467,2.428881,0.173684,0.53502
square,auxetic,2,0.657525,3.62824,1.887577,0.181255,0.488589
square,auxetic,2,0.515299,2.939623,1.026298,0.083592,0.276501
square,auxetic,2,0.510233,4.61533,2.300371,0.103509,0.44565
square,auxetic,2,0.617914,2.069755,1.462345,0.205088,0.395246
square,auxetic,2,0.568819,4.464315,2.035829,0.206774,0.527494
square,auxetic,2,0.684344,2.100655,1.209798,0.108072,0.308368
square,auxetic,2,0.591143,3.588828,2.466968,0.078784,0.401939
square,auxetic,2,0.456698,3.093296,1.617315,0.179813,0.358557
square,auxetic,2,0.48297,4.1922,1.081962,0.162867,0.367249
square,auxetic,2,0.629317,3.146161,1.931523,0.064473,0.466835
square,auxetic,2,0.646223,4.798442,1.418399,0.146888,0.260992
square,auxetic,2,0.54248,2.610289,2.244706,0.249202,0.498897
square,auxetic,2,0.697004,3.848041,1.54458,0.225802,0.44791
square,auxetic,2,0.554197,2.836975,2.218549,0.128101,0.388168
square,auxetic,2,0.47125,4.348814,1.131236,0.060531,0.48151
square,auxetic,2,0.578535,2.219072,1.781584,0.162122,0.278762
square,auxetic,2,0.610673,4.870158,2.322891,0.195182,0.287669
square,auxetic,2,0.499666,2.541471,1.672452,0.096227,0.546639
square,auxetic,2,0.52585,3.889202,2.00381,0.116923,0.340568
square,auxetic,2,0.664812,3.452081,1.330117,0.218236,0.419107
square,auxetic,2,0.603905,3.71771,1.970571,0.216135,0.389357
square,auxetic,2,0.461495,2.847269,1.320132,0.117461,0.451481
square,auxetic,2,0.563973,4.335614,2.401495,0.094419,0.28226
square,auxetic,2,0.671593,2.346496,1.727801,0.195427,0.482627
square,auxetic,2,0.6433,4.950718,1.143922,0.159732,0.547866
square,auxetic,2,0.531712,2.387657,1.81789,0.061359,0.291203
square,auxetic,2,0.493809,4.040109,1.480579,0.125027,0.422567
square,auxetic,2,0.632131,3.368613,2.130927,0.227314,0.341722
square,auxetic,2,0.474278,4.594658,1.431348,0.247688,0.309485
square,auxetic,2,0.58916,2.090373,2.280909,0.149965,0.530992
square,auxetic,2,0.686267,3.602017,1.01779,0.063642,0.362128
square,auxetic,2,0.551243,2.965861,1.844095,0.165261,0.403129
square,auxetic,2,0.513191,4.11165,2.433557,0.179571,0.467989
square,auxetic,2,0.659874,3.299987,1.607525,0.080588,0.370709
square,auxetic,2,0.615624,4.647523,2.114696,0.107538,0.502431
square,auxetic,2,0.512275,2.693745,1.265044,0.208872,0.26222
square,auxetic,2,0.682053,4.771899,2.236965,0.204259,0.434385
square,auxetic,2,0.570863,2.636755,1.375685,0.1059,0.325378
square,auxetic,2,0.454591,4.171848,1.899759,0.082079,0.531523
square,auxetic,2,0.593491,3.16655,1.061734,0.18433,0.303021
square,auxetic,2,0.627698,3.568187,1.64561,0.173145,0.275275
square,auxetic,2,0.484829,3.113945,2.483361,0.074508,0.485054
square,auxetic,2,0.540677,4.438056,1.21524,0.138953,0.391784
square,auxetic,2,0.647778,2.126855,2.076611,0.23995,0.444497
square,auxetic,2,0.552395,3.915459,1.369937,0.235055,0.504874
square,auxetic,2,0.698558,3.425877,2.008657,0.136036,0.255251
square,auxetic,2,0.576915,4.890796,1.689714,0.050496,0.461021
square,auxetic,2,0.47311,2.520819,2.351689,0.151844,0.373152
square,auxetic,2,0.497558,4.369169,1.762225,0.190665,0.345768
square,auxetic,2,0.613022,2.198685,1.099976,0.092932,0.414932
square,auxetic,2,0.662522,3.874587,2.174873,0.119095,0.321287
square,auxetic,2,0.527892,2.810513,1.536244,0.220751,0.514633
square,auxetic,2,0.635674,4.282093,1.04352,0.224297,0.439049
square,auxetic,2,0.489541,2.285737,1.869644,0.123363,0.395712
square,auxetic,2,0.535012,3.773955,1.456887,0.090154,0.489348
square,auxetic,2,0.638787,2.911119,2.306631,0.188755,0.270193
square,auxetic,2,0.674885,4.014414,2.091893,0.156086,0.298727
square,auxetic,2,0.559453,3.326902,1.242423,0.054068,0.536604
square,auxetic,2,0.465032,4.979136,2.41095,0.134149,0.330825
square,auxetic,2,0.599629,2.432457,1.584736,0.232254,0.430458
square,auxetic,2,0.507999,3.655631,2.378885,0.242739,0.518926
square,auxetic,2,0.61916,3.026529,1.705009,0.140852,0.316206
square,auxetic,2,0.655354,4.538322,1.94777,0.070925,0.409485
square,auxetic,2,0.516483,2.026616,1.297514,0.168916,0.349695
square,auxetic,2,0.54673,4.673309,1.506116,0.186252,0.3786
square,auxetic,2,0.689567,2.735364,2.156646,0.084845,0.457093
square,auxetic,2,0.584892,4.08314,1.169655,0.101645,0.250957
square,auxetic,2,0.477821,3.255277,1.843441,0.200701,0.509956
square,auxetic,2,0.651322,4.210812,1.666922,0.211564,0.337812
square,auxetic,2,0.536408,3.200851,2.32908,0.109533,0.428033
square,auxetic,2,0.488129,4.73607,1.347319,0.077104,0.296303
square,auxetic,2,0.623185,2.605222,1.985857,0.175243,0.54359
square,auxetic,2,0.596783,4.507788,2.200592,0.167282,0.477527
square,auxetic,2,0.45007,2.177265,1.56178,0.066309,0.286534
square,auxetic,2,0.574399,3.501592,1.787776,0.145614,0.455389
square,auxetic,2,0.677777,3.066307,1.125709,0.244227,0.383892
