sample_id,seed,objective,success,v12,v21,obj_value,n_iters,converged,elapsed_time,error,E0,Emin,ft,max_iter,move,nelx,nely,nu,penal,rmin,save_every,scale_factor,tol_change,tol_obj,verbose,void_size_frac,volfrac,window_size
0,hourglass,auxetic,True,-0.5586929217418088,-0.4601169734552224,0.08607719914883571,53,True,7.65,,199.0,1e-09,2,150,0.122385,50,50,0.3,3.417294,1.211893,9999,1,0.01,0.05,False,0.324776,0.540265,20
1,hourglass,auxetic,True,-0.6320741803860686,-0.4328514839252103,0.14180611831324752,150,True,20.03,,199.0,1e-09,2,150,0.080584,50,50,0.3,2.695072,1.200298,9999,1,0.01,0.05,False,0.314517,0.519489,20
2,hourglass,auxetic,True,-0.6308691692401586,-0.3855671131025802,0.18207960198096185,44,True,6.77,,199.0,1e-09,2,150,0.086404,50,50,0.3,3.35314,1.098234,9999,1,0.01,0.05,False,0.345742,0.507681,20
3,hourglass,auxetic,True,-0.6200391221206423,-0.42701368782031324,0.16331850355375,150,True,20.3,,199.0,1e-09,2,150,0.094306,50,50,0.3,2.585133,1.225695,9999,1,0.01,0.05,False,0.371547,0.514158,20
4,hourglass,auxetic,True,-0.6258514925897068,-0.41387643052531564,0.1591085606672159,47,True,7.05,,199.0,1e-09,2,150,0.105518,50,50,0.3,3.466325,1.136042,9999,1,0.01,0.05,False,0.350228,0.502478,20
5,hourglass,auxetic,True,-0.6393794332508261,-0.3959224540917852,0.1331499453944195,150,True,20.82,,199.0,1e-09,2,150,0.097488,50,50,0.3,3.52248,1.107106,9999,1,0.01,0.05,False,0.340369,0.575243,20
6,hourglass,auxetic,True,-0.6556207387182961,-0.457879535289573,0.0619735056892079,96,True,14.49,,199.0,1e-09,2,150,0.102443,50,50,0.3,3.238291,1.122802,9999,1,0.01,0.05,False,0.378756,0.545032,20
7,hourglass,auxetic,True,-0.5372775871803919,-0.4483017106624035,0.08747884831117192,73,True,10.9,,199.0,1e-09,2,150,0.113549,50,50,0.3,3.37647,1.161993,9999,1,0.01,0.05,False,0.36127,0.537943,20
8,hourglass,auxetic,True,-0.6400113270979695,-0.42085068624001587,0.09052435683835958,90,True,12.16,,199.0,1e-09,2,150,0.076651,50,50,0.3,3.201182,1.155125,9999,1,0.01,0.05,False,0.318864,0.581603,20
9,hourglass,auxetic,True,-0.5518287470502434,-0.45756844891474974,0.08180444577118762,97,True,14.06,,199.0,1e-09,2,150,0.11484,50,50,0.3,3.578867,1.150008,9999,1,0.01,0.05,False,0.335588,0.546597,20
10,hourglass,auxetic,True,-0.5770846915763981,-0.40937607678932625,0.13235797961021112,150,True,22.46,,199.0,1e-09,2,150,0.1099,50,50,0.3,3.142755,1.238503,9999,1,0.01,0.05,False,0.355975,0.57794,20
11,hourglass,auxetic,True,-0.5233323533496566,-0.46472860913411035,0.08206913416064432,126,True,18.73,,199.0,1e-09,2,150,0.126303,50,50,0.3,2.963287,1.180302,9999,1,0.01,0.05,False,0.293846,0.50973,20
12,hourglass,auxetic,True,-0.6555935238919741,-0.49257364844977425,0.11903268916916476,72,True,10.27,,199.0,1e-09,2,150,0.135903,50,50,0.3,3.646455,1.21645,9999,1,0.01,0.05,False,0.342706,0.53071,20
13,hourglass,auxetic,True,-0.6324733755845564,-0.42202399046566796,0.014256871654333758,68,True,9.53,,199.0,1e-09,2,150,0.08446,50,50,0.3,3.299393,1.077207,9999,1,0.01,0.05,False,0.310842,0.561719,20
14,hourglass,auxetic,True,-0.6828583909795091,-0.42529166813323527,0.17209203652156713,68,True,10.36,,199.0,1e-09,2,150,0.140262,50,50,0.3,3.489262,1.142695,9999,1,0.01,0.05,False,0.291141,0.533045,20
15,hourglass,auxetic,True,-0.6562279208944792,-0.4341131753773382,0.02049193705174157,150,True,20.58,,199.0,1e-09,2,150,0.089236,50,50,0.3,2.882555,1.090185,9999,1,0.01,0.05,False,0.363855,0.582906,20
16,hourglass,auxetic,True,-0.597374066270645,-0.43258280831113266,0.1470222190990047,45,True,7.02,,199.0,1e-09,2,150,0.137448,50,50,0.3,2.665243,1.194098,9999,1,0.01,0.05,False,0.3744,0.523726,20
17,hourglass,auxetic,True,-0.5977725199215042,-0.42920340764589204,0.18796934184057212,150,True,20.77,,199.0,1e-09,2,150,0.120269,50,50,0.3,2.627948,1.167516,9999,1,0.01,0.05,False,0.307335,0.50514,20
18,hourglass,auxetic,True,-0.5349289097264395,-0.4478798196089072,0.11383474184504838,84,True,12.31,,199.0,1e-09,2,150,0.108458,50,50,0.3,3.271326,1.175134,9999,1,0.01,0.05,False,0.377561,0.511862,20
19,hourglass,auxetic,True,-0.6457218125817489,-0.4497311700217619,0.020129500357496388,150,True,22.17,,199.0,1e-09,2,150,0.079234,50,50,0.3,2.844243,1.068126,9999,1,0.01,0.05,False,0.288173,0.565257,20
20,hourglass,auxetic,True,-0.6691037934579012,-0.42978368494084035,0.09279024014133053,150,True,21.79,,199.0,1e-09,2,150,0.143021,50,50,0.3,2.897915,1.128071,9999,1,0.01,0.05,False,0.299485,0.526494,20
21,hourglass,auxetic,True,-0.6585309323918004,-0.4076112657543754,0.10975511755957557,59,True,8.51,,199.0,1e-09,2,150,0.128775,50,50,0.3,3.178498,1.07233,9999,1,0.01,0.05,False,0.33879,0.521494,20
22,hourglass,auxetic,True,-0.5924929978803671,-0.39139800626349563,0.08740274504314627,36,True,5.19,,199.0,1e-09,2,150,0.134735,50,50,0.3,2.815965,1.110756,9999,1,0.01,0.05,False,0.304486,0.570369,20
23,hourglass,auxetic,True,-0.6332371995479514,-0.41033851237090296,0.046063512902867476,84,True,12.43,,199.0,1e-09,2,150,0.117605,50,50,0.3,3.590301,1.086556,9999,1,0.01,0.05,False,0.367714,0.564351,20
24,hourglass,auxetic,True,-0.6561911702267895,-0.4313745994154228,0.1350721916477109,150,True,21.69,,199.0,1e-09,2,150,0.082943,50,50,0.3,2.761818,1.20413,9999,1,0.01,0.05,False,0.285218,0.534374,20
25,hourglass,auxetic,True,-0.6248606923962031,-0.41119767968713217,0.15568685574284769,150,True,21.69,,199.0,1e-09,2,150,0.104087,50,50,0.3,3.088753,1.230325,9999,1,0.01,0.05,False,0.30219,0.552425,20
26,hourglass,auxetic,True,-0.6697040569867954,-0.45234235545480467,0.05227388345265416,150,True,20.96,,199.0,1e-09,2,150,0.09959,50,50,0.3,2.978837,1.058364,9999,1,0.01,0.05,False,0.328794,0.554674,20
27,hourglass,auxetic,True,-0.6498421423588376,-0.4458558240188291,0.047580989383678385,150,True,20.93,,199.0,1e-09,2,150,0.123637,50,50,0.3,3.013127,1.116832,9999,1,0.01,0.05,False,0.354912,0.558021,20
28,hourglass,auxetic,True,-0.6206552618464447,-0.405969373529534,0.1130524780047315,150,True,20.35,,199.0,1e-09,2,150,0.092225,50,50,0.3,2.72532,1.184001,9999,1,0.01,0.05,False,0.332011,0.550228,20
29,hourglass,auxetic,True,-0.6246782327554593,-0.4490810010154579,0.11315532782731141,59,True,8.64,,199.0,1e-09,2,150,0.131541,50,50,0.3,3.052825,1.242569,9999,1,0.01,0.05,False,0.321367,0.572634,20
30,hexagonal,auxetic,True,-0.07061365839795312,-0.197657029321391,0.6960968646583263,150,True,20.08,,199.0,1e-09,2,150,0.119917,50,50,0.3,2.657042,1.233055,9999,1,0.01,0.05,False,0.287437,0.548805,20
31,hexagonal,auxetic,True,7.381190706604047e-12,0.2968435013485703,1.0518863926160325,66,True,9.64,,199.0,1e-09,2,150,0.081824,50,50,0.3,3.438033,1.18564,9999,1,0.01,0.05,False,0.322518,0.519598,20
32,hexagonal,auxetic,True,-0.5002475660903911,-0.568488529995328,0.06778557408756314,150,True,20.45,,199.0,1e-09,2,150,0.093308,50,50,0.3,3.553216,1.110989,9999,1,0.01,0.05,False,0.357505,0.557579,20
33,hexagonal,auxetic,True,-0.3758450771754922,-0.6593744895446362,0.26135829791532483,150,True,21.45,,199.0,1e-09,2,150,0.128745,50,50,0.3,3.186018,1.140881,9999,1,0.01,0.05,False,0.346356,0.504083,20
34,hexagonal,auxetic,True,-0.3940750015164963,-0.41915155933400816,0.446872705016343,150,True,19.86,,199.0,1e-09,2,150,0.090011,50,50,0.3,2.698354,1.158223,9999,1,0.01,0.05,False,0.366281,0.572213,20
35,hexagonal,auxetic,True,-0.14960779900327467,-0.16237938132814317,0.5906779166619693,150,True,19.88,,199.0,1e-09,2,150,0.11168,50,50,0.3,3.544817,1.08628,9999,1,0.01,0.05,False,0.3048,0.552224,20
36,hexagonal,auxetic,True,-0.03808546696516347,-0.1821524615571417,0.7809631570418837,150,True,21.37,,199.0,1e-09,2,150,0.075752,50,50,0.3,2.629803,1.165494,9999,1,0.01,0.05,False,0.296196,0.568379,20
37,hexagonal,auxetic,True,-0.2792668984134866,-0.8027690547274703,0.24402823903825388,150,True,21.84,,199.0,1e-09,2,150,0.114318,50,50,0.3,2.910363,1.097512,9999,1,0.01,0.05,False,0.328662,0.57961,20
38,hexagonal,auxetic,True,-0.5061055832628463,-0.39301673438196666,0.3713818641142963,150,True,22.33,,199.0,1e-09,2,150,0.097217,50,50,0.3,2.876966,1.15138,9999,1,0.01,0.05,False,0.379236,0.53457,20
39,hexagonal,auxetic,True,-0.3394722093222796,-0.5372344812551906,0.2446104474690911,150,True,22.5,,199.0,1e-09,2,150,0.121354,50,50,0.3,3.071442,1.071071,9999,1,0.01,0.05,False,0.333285,0.52269,20
40,hexagonal,auxetic,True,-0.07835095036276667,-0.20568076187087722,0.671510943065246,150,True,22.18,,199.0,1e-09,2,150,0.087608,50,50,0.3,3.122159,1.20167,9999,1,0.01,0.05,False,0.286723,0.56332,20
41,hexagonal,auxetic,True,-0.13537555140464194,-0.5618978184803177,0.5125071487454231,150,True,21.65,,199.0,1e-09,2,150,0.097965,50,50,0.3,2.765608,1.204515,9999,1,0.01,0.05,False,0.344725,0.545636,20
42,hexagonal,auxetic,True,-0.13836193030062943,-1.2946628853354845,0.44458497609044356,150,True,21.87,,199.0,1e-09,2,150,0.137895,50,50,0.3,3.109189,1.105726,9999,1,0.01,0.05,False,0.325361,0.555942,20
43,hexagonal,auxetic,True,-0.4286031794935275,-0.4234445478607684,0.014458806011935943,41,True,5.78,,199.0,1e-09,2,150,0.142956,50,50,0.3,3.313237,1.057637,9999,1,0.01,0.05,False,0.311438,0.516068,20
44,hexagonal,auxetic,True,-0.4622684306323347,-0.6703823379693022,-0.08112734637185126,79,True,10.93,,199.0,1e-09,2,150,0.08539,50,50,0.3,3.24624,1.09449,9999,1,0.01,0.05,False,0.29326,0.54057,20
45,hexagonal,auxetic,True,-0.5222913238535533,-0.5972010441271882,0.07620088400972491,110,True,16.18,,199.0,1e-09,2,150,0.100722,50,50,0.3,3.019597,1.239553,9999,1,0.01,0.05,False,0.31863,0.559482,20
46,hexagonal,auxetic,True,-0.5468050496649658,-0.46719446402793563,0.2578289194133647,150,True,21.66,,199.0,1e-09,2,150,0.107304,50,50,0.3,2.955488,1.225762,9999,1,0.01,0.05,False,0.313475,0.533613,20
47,hexagonal,auxetic,True,-0.11673798785961852,-1.0036461002098624,0.5605917777968493,150,True,21.65,,199.0,1e-09,2,150,0.136406,50,50,0.3,2.734823,1.131629,9999,1,0.01,0.05,False,0.299649,0.577871,20
48,hexagonal,auxetic,True,-0.4480980376930427,-0.7760195887951493,0.23065275026860754,150,True,20.31,,199.0,1e-09,2,150,0.141419,50,50,0.3,2.826903,1.212917,9999,1,0.01,0.05,False,0.308516,0.512845,20
49,hexagonal,auxetic,True,-0.4147272390348728,-0.5649991646465286,0.07807809733462778,150,True,22.29,,199.0,1e-09,2,150,0.124376,50,50,0.3,2.808814,1.215731,9999,1,0.01,0.05,False,0.337186,0.583992,20
50,hexagonal,auxetic,True,-0.4151961334853622,-0.45762760164079036,0.4526437922185069,150,True,21.65,,199.0,1e-09,2,150,0.081484,50,50,0.3,3.18021,1.178134,9999,1,0.01,0.05,False,0.351711,0.5737,20
51,hexagonal,auxetic,True,-0.5784153080204616,-0.28082950325186623,0.33725646925806085,150,True,21.2,,199.0,1e-09,2,150,0.126553,50,50,0.3,2.592997,1.195295,9999,1,0.01,0.05,False,0.34202,0.542635,20
52,hexagonal,auxetic,True,-0.26855104940840835,-0.6924599972038974,0.2336203153257923,45,True,6.71,,199.0,1e-09,2,150,0.131657,50,50,0.3,3.621774,1.117147,9999,1,0.01,0.05,False,0.370099,0.52797,20
53,hexagonal,auxetic,True,-0.15413980180308748,-0.16637881649268668,0.7274157976479836,150,True,20.8,,199.0,1e-09,2,150,0.112711,50,50,0.3,3.470081,1.175393,9999,1,0.01,0.05,False,0.375998,0.50963,20
54,hexagonal,auxetic,True,-0.35612353005534075,-0.6765985521650368,0.4954845464726596,150,True,21.16,,199.0,1e-09,2,150,0.1066,50,50,0.3,3.496771,1.161203,9999,1,0.01,0.05,False,0.373984,0.537928,20
55,hexagonal,auxetic,True,-0.3725938835914565,-0.4735162653052332,0.48382005214179824,150,True,21.41,,199.0,1e-09,2,150,0.092313,50,50,0.3,3.352429,1.244985,9999,1,0.01,0.05,False,0.362103,0.502623,20
56,hexagonal,auxetic,True,-0.44117225189300113,-0.5985585084273747,0.1697789618390374,150,True,20.09,,199.0,1e-09,2,150,0.103098,50,50,0.3,3.622355,1.125935,9999,1,0.01,0.05,False,0.30153,0.520186,20
57,hexagonal,auxetic,True,-0.21376537660748626,-0.9412869179249462,0.4818770267701054,150,True,21.86,,199.0,1e-09,2,150,0.079045,50,50,0.3,3.272376,1.136499,9999,1,0.01,0.05,False,0.33228,0.528757,20
58,hexagonal,auxetic,True,-0.33069022646075463,-0.6857675765493888,0.24161905251383886,150,True,20.38,,199.0,1e-09,2,150,0.133586,50,50,0.3,2.992301,1.082639,9999,1,0.01,0.05,False,0.360923,0.567016,20
59,hexagonal,auxetic,True,-0.34196754736330615,-0.7614262881211674,0.5790976515353151,150,True,20.53,,199.0,1e-09,2,150,0.116561,50,50,0.3,3.379647,1.065285,9999,1,0.01,0.05,False,0.35236,0.507718,20
60,reentrant_bowtie,auxetic,True,-0.7473520093604782,-0.5478860758925046,0.2369540136440843,150,True,21.25,,199.0,1e-09,2,150,0.092098,50,50,0.3,3.458037,1.065764,9999,1,0.01,0.05,False,0.311367,0.52906,20
61,reentrant_bowtie,auxetic,True,2.2166336651896285e-11,0.44907043629254295,1.2565705776409413,16,True,2.26,,199.0,1e-09,2,150,0.128178,50,50,0.3,2.667164,1.220787,9999,1,0.01,0.05,False,0.38065,0.559297,20
62,reentrant_bowtie,auxetic,True,-0.2539818133226452,-0.4136073477868618,0.42125015616930395,68,True,10.2,,199.0,1e-09,2,150,0.098603,50,50,0.3,2.978518,1.094846,9999,1,0.01,0.05,False,0.302797,0.504333,20
63,reentrant_bowtie,auxetic,True,2.5394791970821598e-11,0.4872921271264447,1.2485613530837014,29,True,4.09,,199.0,1e-09,2,150,0.121157,50,50,0.3,2.731442,1.192036,9999,1,0.01,0.05,False,0.292654,0.553447,20
64,reentrant_bowtie,auxetic,True,-0.08314239115933247,-1.5865189906941362,0.7368987617354275,150,True,21.54,,199.0,1e-09,2,150,0.11285,50,50,0.3,3.508406,1.088842,9999,1,0.01,0.05,False,0.372559,0.569438,20
65,reentrant_bowtie,auxetic,True,4.763789243314249e-12,0.10920001996253201,1.1762175057120803,38,True,5.37,,199.0,1e-09,2,150,0.141571,50,50,0.3,2.807518,1.160597,9999,1,0.01,0.05,False,0.283651,0.554575,20
66,reentrant_bowtie,auxetic,True,-0.5075208863871369,-0.29878174935170687,0.43552413654514377,91,True,12.54,,199.0,1e-09,2,150,0.111243,50,50,0.3,3.608087,1.146643,9999,1,0.01,0.05,False,0.295089,0.520386,20
67,reentrant_bowtie,auxetic,True,-0.3824634596309276,-0.5749165057919565,0.35054968645117457,150,True,21.79,,199.0,1e-09,2,150,0.103693,50,50,0.3,3.540184,1.204923,9999,1,0.01,0.05,False,0.362461,0.538785,20
68,reentrant_bowtie,auxetic,True,-0.10531912634659919,-0.19378385798576958,0.7368954236253593,150,True,22.59,,199.0,1e-09,2,150,0.143814,50,50,0.3,2.885493,1.234657,9999,1,0.01,0.05,False,0.352226,0.524906,20
69,reentrant_bowtie,auxetic,True,-8.193513916291807e-12,-0.16825650204868067,1.2543150043235551,15,True,2.2,,199.0,1e-09,2,150,0.137198,50,50,0.3,2.767187,1.170306,9999,1,0.01,0.05,False,0.336336,0.58412,20
70,reentrant_bowtie,auxetic,True,-0.7454676179790168,-0.5146513443106603,0.28295417366400144,150,True,20.89,,199.0,1e-09,2,150,0.09059,50,50,0.3,3.294266,1.124871,9999,1,0.01,0.05,False,0.341038,0.527458,20
71,reentrant_bowtie,auxetic,True,-0.21224822283652273,-0.27655905643630413,0.7767310089172965,150,True,19.33,,199.0,1e-09,2,150,0.077321,50,50,0.3,2.89451,1.175979,9999,1,0.01,0.05,False,0.299676,0.531548,20
72,reentrant_bowtie,auxetic,True,-0.3057896614562656,-0.4876331366758125,0.4489394726270478,134,True,17.27,,199.0,1e-09,2,150,0.080026,50,50,0.3,2.935491,1.186917,9999,1,0.01,0.05,False,0.345812,0.513564,20
73,reentrant_bowtie,auxetic,True,-0.12619743437047962,-0.16233180998586558,0.6513246806149293,150,True,17.33,,199.0,1e-09,2,150,0.119147,50,50,0.3,3.137639,1.196661,9999,1,0.01,0.05,False,0.343482,0.506753,20
74,reentrant_bowtie,auxetic,True,-0.3934653910006589,-0.27349474889396197,0.4388342471942741,36,True,5.56,,199.0,1e-09,2,150,0.115535,50,50,0.3,3.432866,1.072087,9999,1,0.01,0.05,False,0.325237,0.518271,20
75,reentrant_bowtie,auxetic,True,-0.03693300027383901,-0.23982469920685107,1.0220906570341373,45,True,6.59,,199.0,1e-09,2,150,0.075259,50,50,0.3,2.696116,1.110723,9999,1,0.01,0.05,False,0.37668,0.550265,20
76,reentrant_bowtie,auxetic,True,-0.25657789110317736,-0.30353159175576055,0.4461400959031102,150,True,21.3,,199.0,1e-09,2,150,0.108581,50,50,0.3,2.622778,1.10147,9999,1,0.01,0.05,False,0.31544,0.515476,20
77,reentrant_bowtie,auxetic,True,-0.2053551574508503,-0.4500059660547497,0.45853635287774586,36,True,4.59,,199.0,1e-09,2,150,0.096165,50,50,0.3,3.023688,1.059562,9999,1,0.01,0.05,False,0.359691,0.534975,20
78,reentrant_bowtie,auxetic,True,-2.2138046474651244e-12,-0.04791659070427199,1.228996235530435,18,True,2.13,,199.0,1e-09,2,150,0.101097,50,50,0.3,2.851225,1.182034,9999,1,0.01,0.05,False,0.321711,0.561749,20
79,reentrant_bowtie,auxetic,True,-0.2807037935194792,-0.5599716911458773,0.4024729306744769,150,True,20.92,,199.0,1e-09,2,150,0.082848,50,50,0.3,3.552132,1.106877,9999,1,0.01,0.05,False,0.31639,0.500755,20
80,reentrant_bowtie,auxetic,True,-0.09400042470028885,-1.0627631031357703,0.7602266170849447,150,True,20.46,,199.0,1e-09,2,150,0.086019,50,50,0.3,3.372623,1.226884,9999,1,0.01,0.05,False,0.335084,0.577652,20
81,reentrant_bowtie,auxetic,True,1.2815659159353281e-11,0.26581636226169164,1.1976045240396536,15,True,2.4,,199.0,1e-09,2,150,0.13815,50,50,0.3,3.159542,1.242162,9999,1,0.01,0.05,False,0.289548,0.576137,20
82,reentrant_bowtie,auxetic,True,-0.05579887404371119,-0.9726106011009552,0.8886412721798949,150,True,18.84,,199.0,1e-09,2,150,0.087289,50,50,0.3,3.235528,1.233095,9999,1,0.01,0.05,False,0.369036,0.581509,20
83,reentrant_bowtie,auxetic,True,-0.0449742535453812,-1.7797731035390352,0.9573887209028276,150,True,12.82,,199.0,1e-09,2,150,0.106123,50,50,0.3,3.069961,1.117215,9999,1,0.01,0.05,False,0.355413,0.567356,20
84,reentrant_bowtie,auxetic,True,-0.08448091711860002,-1.328769004557019,0.7240997087742362,70,True,10.27,,199.0,1e-09,2,150,0.127467,50,50,0.3,3.334535,1.081016,9999,1,0.01,0.05,False,0.304284,0.562259,20
85,reentrant_bowtie,auxetic,True,-0.2545520399853262,-0.35109092300543937,0.489122337623518,150,True,15.31,,199.0,1e-09,2,150,0.093412,50,50,0.3,2.593864,1.129999,9999,1,0.01,0.05,False,0.331926,0.542625,20
86,reentrant_bowtie,auxetic,True,-0.29572673044119224,-0.3462104068128049,0.5709246338164089,150,True,18.6,,199.0,1e-09,2,150,0.124034,50,50,0.3,3.089827,1.15486,9999,1,0.01,0.05,False,0.309488,0.509304,20
87,reentrant_bowtie,auxetic,True,-0.20417301948238467,-0.6174949977986046,0.48809175292464557,43,True,3.66,,199.0,1e-09,2,150,0.117841,50,50,0.3,3.263889,1.140827,9999,1,0.01,0.05,False,0.327879,0.539582,20
88,reentrant_bowtie,auxetic,True,-0.0686724284685267,-1.857264706662704,0.8147474945446173,150,True,17.89,,199.0,1e-09,2,150,0.13217,50,50,0.3,3.185402,1.213007,9999,1,0.01,0.05,False,0.366338,0.547896,20
89,reentrant_bowtie,auxetic,True,-0.0796214791289616,-1.2773769720613435,0.7592758319462202,135,True,11.05,,199.0,1e-09,2,150,0.13364,50,50,0.3,3.646384,1.136421,9999,1,0.01,0.05,False,0.351793,0.571333,20
