sample_id,seed,objective,success,v12,v21,obj_value,n_iters,converged,elapsed_time,error,E0,Emin,ft,max_iter,nelx,nely,nu,save_every,scale_factor,tol_change,tol_obj,void_size_frac,volfrac,window_size
0,circle,auxetic,True,0.16099405430674738,0.16099405430674807,33.56285768572745,38,True,7.54,,199.0,1e-09,2,150,50,50,0.3,9999,1,0.01,0.05,0.205228,0.380277,20
1,circle,auxetic,True,0.2131492091360909,0.2131492091360918,82.08993570838302,38,True,7.26,,199.0,1e-09,2,150,50,50,0.3,9999,1,0.01,0.05,0.27573,0.543497,20
2,circle,auxetic,True,0.23230332546140092,0.23230332546140395,31.72044713873065,38,True,7.46,,199.0,1e-09,2,150,50,50,0.3,9999,1,0.01,0.05,0.230598,0.357626,20
3,circle,auxetic,True,0.2130863147875366,0.2132689568527243,119.31565436812042,150,True,26.72,,199.0,1e-09,2,150,50,50,0.3,9999,1,0.01,0.05,0.204894,0.608242,20
4,circle,auxetic,True,0.16091602368074312,0.16091602368074498,51.518320879570524,31,True,6.26,,199.0,1e-09,2,150,50,50,0.3,9999,1,0.01,0.05,0.324935,0.458957,20
5,circle,auxetic,True,0.3831679178270021,0.3831679178270106,55.77984014198859,33,True,6.39,,199.0,1e-09,2,150,50,50,0.3,9999,1,0.01,0.05,0.144302,0.42528,20
6,circle,auxetic,True,0.42719301232845136,0.42719301232846413,32.864710078097346,44,True,8.65,,199.0,1e-09,2,150,50,50,0.3,9999,1,0.01,0.05,0.119605,0.31704,20
7,circle,auxetic,True,0.19994127009518528,0.19994127009519086,33.39694925568887,41,True,7.72,,199.0,1e-09,2,150,50,50,0.3,9999,1,0.01,0.05,0.213863,0.374969,20
8,circle,auxetic,True,0.1261348314517431,0.12613483145173468,87.58477971974386,33,True,6.3,,199.0,1e-09,2,150,50,50,0.3,9999,1,0.01,0.05,0.354287,0.577716,20
9,circle,auxetic,True,0.26319999991114745,0.2631999999111199,38.877868794981666,48,True,8.97,,199.0,1e-09,2,150,50,50,0.3,9999,1,0.01,0.05,0.241449,0.38688,20
10,circle,auxetic,True,0.1507568584795715,0.1507568584795685,37.242016272401244,42,True,7.88,,199.0,1e-09,2,150,50,50,0.3,9999,1,0.01,0.05,0.361861,0.403551,20
11,circle,auxetic,True,0.2322469565071304,0.23224695650713073,44.31875556172815,41,True,7.72,,199.0,1e-09,2,150,50,50,0.3,9999,1,0.01,0.05,0.267455,0.413947,20
12,circle,auxetic,True,0.3314492546161981,0.3314492546162176,51.102217361655725,33,True,6.34,,199.0,1e-09,2,150,50,50,0.3,9999,1,0.01,0.05,0.19241,0.419887,20
13,circle,auxetic,True,0.13767374300133767,0.13767374300133706,80.55408279671462,32,True,6.02,,199.0,1e-09,2,150,50,50,0.3,9999,1,0.01,0.05,0.337827,0.556647,20
14,circle,auxetic,True,0.20032390805709624,0.20032928861188568,145.8409624270517,150,True,27.99,,199.0,1e-09,2,150,50,50,0.3,9999,1,0.01,0.05,0.199443,0.650199,20
15,circle,auxetic,True,0.11364966846442008,0.11364966846442213,25.454413604659656,43,True,8.25,,199.0,1e-09,2,150,50,50,0.3,9999,1,0.01,0.05,0.392649,0.337844,20
16,circle,auxetic,True,0.10606825662439852,0.10606825662439509,26.25264999119159,59,True,11.43,,199.0,1e-09,2,150,50,50,0.3,9999,1,0.01,0.05,0.38087,0.342625,20
17,circle,auxetic,True,0.12566474240637154,0.12566474240637218,58.3822250420622,31,True,5.8,,199.0,1e-09,2,150,50,50,0.3,9999,1,0.01,0.05,0.36497,0.493023,20
18,circle,auxetic,True,0.15065436379136782,0.14151712767330188,158.051368126309,150,True,28.38,,199.0,1e-09,2,150,50,50,0.3,9999,1,0.01,0.05,0.16901,0.686793,20
19,circle,auxetic,True,0.2925244601672266,0.2925244601672221,52.44241084931808,33,True,6.34,,199.0,1e-09,2,150,50,50,0.3,9999,1,0.01,0.05,0.209042,0.432076,20
20,circle,auxetic,True,0.43085747909902294,0.43085747909902994,32.72099128297049,36,True,6.87,,199.0,1e-09,2,150,50,50,0.3,9999,1,0.01,0.05,0.108752,0.314742,20
21,circle,auxetic,True,0.3338701367124459,0.333870136712449,90.38718580727101,35,True,6.59,,199.0,1e-09,2,150,50,50,0.3,9999,1,0.01,0.05,0.174028,0.534896,20
22,circle,auxetic,True,0.21969283907143922,0.21969283907144216,26.095834071869007,34,True,6.46,,199.0,1e-09,2,150,50,50,0.3,9999,1,0.01,0.05,0.283635,0.334731,20
23,circle,auxetic,True,0.10959473231805389,0.10959473231802715,127.53349142971217,33,True,6.42,,199.0,1e-09,2,150,50,50,0.3,9999,1,0.01,0.05,0.346488,0.66105,20
24,circle,auxetic,True,0.1704416887584452,0.17044168875844576,75.87950323146704,52,True,9.56,,199.0,1e-09,2,150,50,50,0.3,9999,1,0.01,0.05,0.311205,0.535586,20
25,circle,auxetic,True,0.18967045667367208,0.1896704566736753,60.04374381267324,37,True,7.04,,199.0,1e-09,2,150,50,50,0.3,9999,1,0.01,0.05,0.299352,0.484376,20
26,circle,auxetic,True,0.1200427877320136,0.12004278773201833,46.756133795033804,37,True,6.72,,199.0,1e-09,2,150,50,50,0.3,9999,1,0.01,0.05,0.370904,0.450259,20
27,circle,auxetic,True,0.20035626377143148,0.20035626342531265,122.75255734893754,79,True,14.26,,199.0,1e-09,2,150,50,50,0.3,9999,1,0.01,0.05,0.218858,0.611514,20
28,circle,auxetic,True,0.36964189538320713,0.36964189538319664,69.90716966728593,44,True,8.55,,199.0,1e-09,2,150,50,50,0.3,9999,1,0.01,0.05,0.164838,0.47418,20
29,circle,auxetic,True,0.1382703694821233,0.1381588186250369,157.40940977827586,150,True,26.78,,199.0,1e-09,2,150,50,50,0.3,9999,1,0.01,0.05,0.246602,0.682372,20
30,circle,auxetic,True,0.2651169419634022,0.2651169419634063,89.47006020838317,31,True,6.09,,199.0,1e-09,2,150,50,50,0.3,9999,1,0.01,0.05,0.23249,0.547963,20
31,circle,auxetic,True,0.15266599946452816,0.15266599946452702,45.61928158829846,41,True,7.8,,199.0,1e-09,2,150,50,50,0.3,9999,1,0.01,0.05,0.342857,0.438932,20
32,circle,auxetic,True,0.12172011865681835,0.12172011865682383,96.85768424355797,51,True,9.74,,199.0,1e-09,2,150,50,50,0.3,9999,1,0.01,0.05,0.356571,0.600036,20
33,circle,auxetic,True,0.18296268841109112,0.18555858442245943,123.54097877054255,150,True,28.14,,199.0,1e-09,2,150,50,50,0.3,9999,1,0.01,0.05,0.124416,0.645327,20
34,circle,auxetic,True,0.28097285112455606,0.28097285112454834,33.658002897193846,39,True,7.31,,199.0,1e-09,2,150,50,50,0.3,9999,1,0.01,0.05,0.106477,0.354935,20
35,circle,auxetic,True,0.2425820850240783,0.2425820850240706,110.54412426634401,36,True,6.74,,199.0,1e-09,2,150,50,50,0.3,9999,1,0.01,0.05,0.237706,0.5976,20
36,circle,auxetic,True,0.39183821783464706,0.3918382178346678,91.68200195327296,31,True,5.69,,199.0,1e-09,2,150,50,50,0.3,9999,1,0.01,0.05,0.12724,0.526826,20
37,circle,auxetic,True,0.10942385658272304,0.10942385658091025,135.74799081820657,47,True,8.84,,199.0,1e-09,2,150,50,50,0.3,9999,1,0.01,0.05,0.350889,0.674402,20
38,circle,auxetic,True,0.20023988270694534,0.2002398827069495,33.300477689364556,34,True,6.46,,199.0,1e-09,2,150,50,50,0.3,9999,1,0.01,0.05,0.140415,0.367124,20
39,circle,auxetic,True,0.2587246652556476,0.25872466525564614,25.522391935197977,40,True,7.47,,199.0,1e-09,2,150,50,50,0.3,9999,1,0.01,0.05,0.244125,0.323682,20
40,circle,auxetic,True,0.20964372803816544,0.20964372803817194,71.41196541575583,33,True,6.18,,199.0,1e-09,2,150,50,50,0.3,9999,1,0.01,0.05,0.269746,0.511903,20
41,circle,auxetic,True,0.3811693347379546,0.3811693347379628,74.55954057244996,32,True,6.18,,199.0,1e-09,2,150,50,50,0.3,9999,1,0.01,0.05,0.154514,0.486925,20
42,circle,auxetic,True,0.20647101328775438,0.20647101328775008,36.55737658860534,42,True,7.88,,199.0,1e-09,2,150,50,50,0.3,9999,1,0.01,0.05,0.302734,0.39276,20
43,circle,auxetic,True,0.3303816076043867,0.33038160760437935,74.27200254494596,31,True,5.93,,199.0,1e-09,2,150,50,50,0.3,9999,1,0.01,0.05,0.179015,0.497884,20
44,circle,auxetic,True,0.2065649151469663,0.20656491514697406,101.05963701654791,32,True,6.15,,199.0,1e-09,2,150,50,50,0.3,9999,1,0.01,0.05,0.26455,0.586152,20
45,circle,auxetic,True,0.11970243468191545,0.11970243468191329,44.10423292720573,44,True,8.2,,199.0,1e-09,2,150,50,50,0.3,9999,1,0.01,0.05,0.397296,0.442794,20
46,circle,auxetic,True,0.08184130408237339,0.08184130408350081,133.651506976113,45,True,8.65,,199.0,1e-09,2,150,50,50,0.3,9999,1,0.01,0.05,0.381863,0.677214,20
47,circle,auxetic,True,0.14712241632099118,0.1471224163209966,80.4997913301343,34,True,6.49,,199.0,1e-09,2,150,50,50,0.3,9999,1,0.01,0.05,0.326455,0.554576,20
48,circle,auxetic,True,0.2764763662236927,0.27647636622369304,32.26099885312695,53,True,9.98,,199.0,1e-09,2,150,50,50,0.3,9999,1,0.01,0.05,0.194483,0.34774,20
49,circle,auxetic,True,0.16262373266119132,0.16262373266118924,33.92466286507645,40,True,7.74,,199.0,1e-09,2,150,50,50,0.3,9999,1,0.01,0.05,0.257178,0.37954,20
50,circle,auxetic,True,0.1709409191217748,0.1709409191217735,64.55583512964917,40,True,7.54,,199.0,1e-09,2,150,50,50,0.3,9999,1,0.01,0.05,0.30937,0.500125,20
51,circle,auxetic,True,0.3207661248576106,0.32076612485762596,81.90938979446308,37,True,6.93,,199.0,1e-09,2,150,50,50,0.3,9999,1,0.01,0.05,0.188872,0.515605,20
52,circle,auxetic,True,0.16958083299120588,0.16958083299120624,87.71966898182596,29,True,5.53,,199.0,1e-09,2,150,50,50,0.3,9999,1,0.01,0.05,0.296326,0.565291,20
53,circle,auxetic,True,0.21900926645361185,0.2190092664536058,24.320299986442024,53,True,9.84,,199.0,1e-09,2,150,50,50,0.3,9999,1,0.01,0.05,0.294607,0.326501,20
54,circle,auxetic,True,0.2729404763413268,0.27294047634133534,45.41092587731916,41,True,7.76,,199.0,1e-09,2,150,50,50,0.3,9999,1,0.01,0.05,0.224851,0.408544,20
55,circle,auxetic,True,0.08247097356834615,0.08247097356903997,144.7902697780346,45,True,8.52,,199.0,1e-09,2,150,50,50,0.3,9999,1,0.01,0.05,0.386123,0.69382,20
56,circle,auxetic,True,0.14141315552105263,0.1414131555210534,35.783954061027586,33,True,6.28,,199.0,1e-09,2,150,50,50,0.3,9999,1,0.01,0.05,0.37486,0.398016,20
57,circle,auxetic,True,0.19229402331614331,0.1897615891485753,130.2902422974472,150,True,28.04,,199.0,1e-09,2,150,50,50,0.3,9999,1,0.01,0.05,0.147401,0.627164,20
58,circle,auxetic,True,0.18373883544686573,0.18373883544686131,53.78460228486823,44,True,8.51,,199.0,1e-09,2,150,50,50,0.3,9999,1,0.01,0.05,0.315529,0.46439,20
59,circle,auxetic,True,0.19673707280535466,0.19673707280535543,58.86586154815496,31,True,5.96,,199.0,1e-09,2,150,50,50,0.3,9999,1,0.01,0.05,0.288366,0.47614,20
60,circle,auxetic,True,0.17658588958034263,0.17658588958033733,65.70131393496581,32,True,6.07,,199.0,1e-09,2,150,50,50,0.3,9999,1,0.01,0.05,0.3186,0.506055,20
61,circle,auxetic,True,0.10896564401093506,0.10896564401093052,132.26600681870005,35,True,6.72,,199.0,1e-09,2,150,50,50,0.3,9999,1,0.01,0.05,0.334491,0.667227,20
62,circle,auxetic,True,0.168093499679548,0.16809349967954187,42.10965999535749,32,True,6.3,,199.0,1e-09,2,150,50,50,0.3,9999,1,0.01,0.05,0.330281,0.421417,20
63,circle,auxetic,True,0.23028194126601925,0.22288853042160953,107.09499827582735,150,True,27.88,,199.0,1e-09,2,150,50,50,0.3,9999,1,0.01,0.05,0.112733,0.580477,20
64,circle,auxetic,True,0.2668107327369353,0.2668107327369371,79.74175474386143,32,True,6.07,,199.0,1e-09,2,150,50,50,0.3,9999,1,0.01,0.05,0.22127,0.521094,20
65,circle,auxetic,True,0.10743119288443186,0.10743119288443025,20.546515390272134,52,True,9.67,,199.0,1e-09,2,150,50,50,0.3,9999,1,0.01,0.05,0.134813,0.300199,20
66,circle,auxetic,True,0.18873056556130693,0.19064351526163986,134.78849343077405,150,True,28.01,,199.0,1e-09,2,150,50,50,0.3,9999,1,0.01,0.05,0.162065,0.635335,20
67,circle,auxetic,True,0.19281953902559226,0.19281953902559107,32.842275765191246,40,True,7.58,,199.0,1e-09,2,150,50,50,0.3,9999,1,0.01,0.05,0.101086,0.36381,20
68,circle,auxetic,True,0.19478193216729273,0.19478193216729905,130.4142064488223,54,True,10.03,,199.0,1e-09,2,150,50,50,0.3,9999,1,0.01,0.05,0.260249,0.644963,20
69,circle,auxetic,True,0.1936767346268029,0.19367673462680257,115.01252805451219,34,True,6.51,,199.0,1e-09,2,150,50,50,0.3,9999,1,0.01,0.05,0.278928,0.617889,20
70,circle,auxetic,True,0.10663786840395628,0.10663786840395025,78.64128909912628,35,True,6.74,,199.0,1e-09,2,150,50,50,0.3,9999,1,0.01,0.05,0.369492,0.560277,20
71,circle,auxetic,True,0.1720794082698288,0.17207940826982537,100.49540291446667,33,True,6.24,,199.0,1e-09,2,150,50,50,0.3,9999,1,0.01,0.05,0.286482,0.592314,20
72,circle,auxetic,True,0.3789844755415351,0.37898447554153947,62.7675083057332,37,True,7.0,,199.0,1e-09,2,150,50,50,0.3,9999,1,0.01,0.05,0.159864,0.447758,20
73,circle,auxetic,True,0.17964509691941216,0.17815079552526078,120.70377345628488,150,True,28.87,,199.0,1e-09,2,150,50,50,0.3,9999,1,0.01,0.05,0.132195,0.620857,20
74,circle,auxetic,True,0.19401691992858763,0.19401691992858436,125.02681289073294,40,True,7.54,,199.0,1e-09,2,150,50,50,0.3,9999,1,0.01,0.05,0.253512,0.634445,20
75,circle,auxetic,True,0.3167539965077909,0.31675399650779335,25.206150764790888,45,True,8.68,,199.0,1e-09,2,150,50,50,0.3,9999,1,0.01,0.05,0.176013,0.305924,20
76,circle,auxetic,True,0.18779067934035001,0.18765081275384932,151.71033197842064,150,True,28.32,,199.0,1e-09,2,150,50,50,0.3,9999,1,0.01,0.05,0.151979,0.697743,20
77,circle,auxetic,True,0.3126772015612199,0.3126772015612123,104.50060037817028,29,True,5.46,,199.0,1e-09,2,150,50,50,0.3,9999,1,0.01,0.05,0.184096,0.57043,20
78,circle,auxetic,True,0.19674926940234674,0.19644659096613978,131.47880751732026,150,True,28.75,,199.0,1e-09,2,150,50,50,0.3,9999,1,0.01,0.05,0.115789,0.656753,20
79,circle,auxetic,True,0.12293660143265334,0.12293660143265263,50.156649347806884,32,True,5.98,,199.0,1e-09,2,150,50,50,0.3,9999,1,0.01,0.05,0.392079,0.466582,20
80,cross_rectangular,auxetic,True,0.1397423936789572,0.1397423936783108,130.33234653425916,78,True,14.67,,199.0,1e-09,2,150,50,50,0.3,9999,1,0.01,0.05,0.282411,0.656507,20
81,cross_rectangular,auxetic,True,0.2264507510661791,0.22645075106617057,23.783082744010887,49,True,9.45,,199.0,1e-09,2,150,50,50,0.3,9999,1,0.01,0.05,0.306569,0.318742,20
82,cross_rectangular,auxetic,True,0.21370672081777553,0.2208448147212987,109.72832161819763,150,True,28.25,,199.0,1e-09,2,150,50,50,0.3,9999,1,0.01,0.05,0.107638,0.611677,20
83,cross_rectangular,auxetic,True,0.14877017488215863,0.14877017488215777,54.88988862810852,86,True,16.06,,199.0,1e-09,2,150,50,50,0.3,9999,1,0.01,0.05,0.340979,0.48005,20
84,cross_rectangular,auxetic,True,0.0778271081922241,0.07782710819256757,140.53118909649987,60,True,11.31,,199.0,1e-09,2,150,50,50,0.3,9999,1,0.01,0.05,0.374091,0.688512,20
85,cross_rectangular,auxetic,True,0.403047459127584,0.4030474591276028,91.79625247650141,36,True,6.66,,199.0,1e-09,2,150,50,50,0.3,9999,1,0.01,0.05,0.125534,0.52501,20
86,cross_rectangular,auxetic,True,0.1718275500787836,0.1718275500787785,28.128884451327608,43,True,8.06,,199.0,1e-09,2,150,50,50,0.3,9999,1,0.01,0.05,0.292877,0.347281,20
87,cross_rectangular,auxetic,True,0.12301828520103732,0.12301828520103864,41.982063617429304,32,True,5.93,,199.0,1e-09,2,150,50,50,0.3,9999,1,0.01,0.05,0.399017,0.428369,20
88,cross_rectangular,auxetic,True,0.07423174189358994,0.07423174189350222,133.66524309512505,69,True,12.69,,199.0,1e-09,2,150,50,50,0.3,9999,1,0.01,0.05,0.387662,0.678865,20
89,cross_rectangular,auxetic,True,0.14971860944053975,0.1497186094405388,34.30456205527774,55,True,10.23,,199.0,1e-09,2,150,50,50,0.3,9999,1,0.01,0.05,0.198436,0.383353,20
90,cross_rectangular,auxetic,True,0.1846902675964424,0.18477013703293993,143.98403421789175,150,True,28.06,,199.0,1e-09,2,150,50,50,0.3,9999,1,0.01,0.05,0.223621,0.652014,20
91,cross_rectangular,auxetic,True,0.174136910377354,0.1741369103773574,63.44938553877879,62,True,11.61,,199.0,1e-09,2,150,50,50,0.3,9999,1,0.01,0.05,0.311635,0.496652,20
92,cross_rectangular,auxetic,True,0.1765048023143182,0.17578125632600924,148.26082032940465,150,True,27.63,,199.0,1e-09,2,150,50,50,0.3,9999,1,0.01,0.05,0.208548,0.660709,20
93,cross_rectangular,auxetic,True,0.12403438670386789,0.12403438670386768,90.44157223442278,55,True,10.26,,199.0,1e-09,2,150,50,50,0.3,9999,1,0.01,0.05,0.355528,0.586399,20
94,cross_rectangular,auxetic,True,0.21343630791888452,0.21343630791889276,72.77790256993066,35,True,6.46,,199.0,1e-09,2,150,50,50,0.3,9999,1,0.01,0.05,0.274829,0.514916,20
95,cross_rectangular,auxetic,True,0.14191839935435654,0.14191839935435832,31.410389650033466,35,True,6.79,,199.0,1e-09,2,150,50,50,0.3,9999,1,0.01,0.05,0.287273,0.370948,20
96,cross_rectangular,auxetic,True,0.26851861453154136,0.25257977116323616,97.30375621784978,150,True,28.06,,199.0,1e-09,2,150,50,50,0.3,9999,1,0.01,0.05,0.114613,0.559034,20
97,cross_rectangular,auxetic,True,0.1892080198530703,0.1902566706934794,124.85977720585763,150,True,28.59,,199.0,1e-09,2,150,50,50,0.3,9999,1,0.01,0.05,0.157551,0.621045,20
98,cross_rectangular,auxetic,True,0.4058426361649075,0.4058426361649134,72.65140705554447,34,True,6.55,,199.0,1e-09,2,150,50,50,0.3,9999,1,0.01,0.05,0.154092,0.476356,20
99,cross_rectangular,auxetic,True,0.12563447648290088,0.12563447648289827,82.43665003413471,29,True,5.5,,199.0,1e-09,2,150,50,50,0.3,9999,1,0.01,0.05,0.353691,0.564818,20
100,cross_rectangular,auxetic,True,0.28876570628778364,0.28876570628777853,25.12959270896473,45,True,8.53,,199.0,1e-09,2,150,50,50,0.3,9999,1,0.01,0.05,0.235961,0.313735,20
101,cross_rectangular,auxetic,True,0.07873575736919601,0.07873575736920511,111.43203184172421,33,True,6.31,,199.0,1e-09,2,150,50,50,0.3,9999,1,0.01,0.05,0.362284,0.640648,20
102,cross_rectangular,auxetic,True,0.4065077291894234,0.40650772918941924,63.05629460174177,31,True,5.89,,199.0,1e-09,2,150,50,50,0.3,9999,1,0.01,0.05,0.122406,0.44293,20
103,cross_rectangular,auxetic,True,0.19960319307925053,0.18544355148623948,118.18676925970905,150,True,27.49,,199.0,1e-09,2,150,50,50,0.3,9999,1,0.01,0.05,0.130339,0.632446,20
104,cross_rectangular,auxetic,True,0.32422373379908753,0.32422373379909775,60.83778254127144,31,True,5.89,,199.0,1e-09,2,150,50,50,0.3,9999,1,0.01,0.05,0.187558,0.452217,20
105,cross_rectangular,auxetic,True,0.3976197047756488,0.3976197047756527,34.41743144530021,36,True,6.9,,199.0,1e-09,2,150,50,50,0.3,9999,1,0.01,0.05,0.103585,0.337398,20
106,cross_rectangular,auxetic,True,0.19945881411234978,0.19933349746764029,123.50469523377467,150,True,28.49,,199.0,1e-09,2,150,50,50,0.3,9999,1,0.01,0.05,0.134701,0.618452,20
107,cross_rectangular,auxetic,True,0.31279321154545703,0.3127932115454604,95.5897354602269,47,True,8.46,,199.0,1e-09,2,150,50,50,0.3,9999,1,0.01,0.05,0.162271,0.549692,20
108,cross_rectangular,auxetic,True,0.15641729885394612,0.156417298853946,101.70746552738035,31,True,5.92,,199.0,1e-09,2,150,50,50,0.3,9999,1,0.01,0.05,0.298163,0.599678,20
109,cross_rectangular,auxetic,True,0.15218498332522207,0.15157272652946768,150.16987258151,150,True,27.47,,199.0,1e-09,2,150,50,50,0.3,9999,1,0.01,0.05,0.172473,0.673122,20
110,cross_rectangular,auxetic,True,0.1166230837056048,0.11662308370560139,32.26996308998631,35,True,6.53,,199.0,1e-09,2,150,50,50,0.3,9999,1,0.01,0.05,0.36318,0.378967,20
111,cross_rectangular,auxetic,True,0.1953305797435044,0.19600767994439708,127.63852004578166,150,True,27.23,,199.0,1e-09,2,150,50,50,0.3,9999,1,0.01,0.05,0.201875,0.629477,20
112,cross_rectangular,auxetic,True,0.24936221727580388,0.24936221727581342,114.06677892526056,71,True,12.6,,199.0,1e-09,2,150,50,50,0.3,9999,1,0.01,0.05,0.211418,0.60236,20
113,cross_rectangular,auxetic,True,0.1793260503752283,0.1793260503752311,31.52200071222016,56,True,10.45,,199.0,1e-09,2,150,50,50,0.3,9999,1,0.01,0.05,0.241011,0.368845,20
114,cross_rectangular,auxetic,True,0.1875008381101954,0.18750083811019666,41.50094497718697,79,True,15.25,,199.0,1e-09,2,150,50,50,0.3,9999,1,0.01,0.05,0.303621,0.410698,20
115,cross_rectangular,auxetic,True,0.2124502832111873,0.21245028321119308,74.7800117797909,32,True,6.1,,199.0,1e-09,2,150,50,50,0.3,9999,1,0.01,0.05,0.266947,0.521175,20
116,cross_rectangular,auxetic,True,0.11579846274489847,0.115798462744894,43.344537208048976,75,True,13.67,,199.0,1e-09,2,150,50,50,0.3,9999,1,0.01,0.05,0.390884,0.435355,20
117,cross_rectangular,auxetic,True,0.10294249710030502,0.10294249658006158,150.53213304103656,81,True,14.69,,199.0,1e-09,2,150,50,50,0.3,9999,1,0.01,0.05,0.329422,0.69739,20
118,cross_rectangular,auxetic,True,0.27630954846047306,0.2763095484604827,68.29395480288858,39,True,7.36,,199.0,1e-09,2,150,50,50,0.3,9999,1,0.01,0.05,0.218264,0.489061,20
119,cross_rectangular,auxetic,True,0.14555923201758705,0.1455592320175883,47.904335696418535,38,True,7.1,,199.0,1e-09,2,150,50,50,0.3,9999,1,0.01,0.05,0.34684,0.449156,20
120,cross_rectangular,auxetic,True,0.17158873890675078,0.17156215352178425,149.23002405658372,150,True,28.18,,199.0,1e-09,2,150,50,50,0.3,9999,1,0.01,0.05,0.18067,0.665105,20
121,cross_rectangular,auxetic,True,0.12729271787477583,0.12729271787476848,24.699384956067437,35,True,6.63,,199.0,1e-09,2,150,50,50,0.3,9999,1,0.01,0.05,0.382864,0.328879,20
122,cross_rectangular,auxetic,True,0.44966833581247795,0.4496683358124769,34.66554274262549,53,True,10.05,,199.0,1e-09,2,150,50,50,0.3,9999,1,0.01,0.05,0.117485,0.332194,20
123,cross_rectangular,auxetic,True,0.19157347186675255,0.19157347186674972,42.880297260236134,35,True,6.67,,199.0,1e-09,2,150,50,50,0.3,9999,1,0.01,0.05,0.313832,0.416656,20
124,cross_rectangular,auxetic,True,0.09538953309944097,0.09538953309944,80.50450437315676,44,True,8.14,,199.0,1e-09,2,150,50,50,0.3,9999,1,0.01,0.05,0.379142,0.568616,20
125,cross_rectangular,auxetic,True,0.13427255300219415,0.1342725530021898,74.66510792620761,69,True,12.68,,199.0,1e-09,2,150,50,50,0.3,9999,1,0.01,0.05,0.350964,0.54421,20
126,cross_rectangular,auxetic,True,0.2265103476657017,0.22651034766570702,55.71633745770127,34,True,6.58,,199.0,1e-09,2,150,50,50,0.3,9999,1,0.01,0.05,0.269329,0.461142,20
127,cross_rectangular,auxetic,True,0.12965558970451743,0.12965558970451693,34.485651045564396,37,True,6.95,,199.0,1e-09,2,150,50,50,0.3,9999,1,0.01,0.05,0.185444,0.388947,20
128,cross_rectangular,auxetic,True,0.11748620751887669,0.11748620751887269,35.25027071446789,38,True,7.31,,199.0,1e-09,2,150,50,50,0.3,9999,1,0.01,0.05,0.106112,0.393901,20
129,cross_rectangular,auxetic,True,0.20903707821184242,0.20912646213372793,142.7422710084176,150,True,27.07,,199.0,1e-09,2,150,50,50,0.3,9999,1,0.01,0.05,0.191017,0.645269,20
130,cross_rectangular,auxetic,True,0.09252709004853298,0.09252709004853253,88.93438712095647,58,True,10.57,,199.0,1e-09,2,150,50,50,0.3,9999,1,0.01,0.05,0.372856,0.590595,20
131,cross_rectangular,auxetic,True,0.2109001621112362,0.21090016211123566,80.71570141061557,33,True,6.32,,199.0,1e-09,2,150,50,50,0.3,9999,1,0.01,0.05,0.278254,0.538442,20
132,cross_rectangular,auxetic,True,0.2545301526654003,0.2545301526654042,23.444956303689835,35,True,6.68,,199.0,1e-09,2,150,50,50,0.3,9999,1,0.01,0.05,0.256222,0.30888,20
133,cross_rectangular,auxetic,True,0.15185607001855386,0.15185607001854823,21.349721297506562,35,True,6.71,,199.0,1e-09,2,150,50,50,0.3,9999,1,0.01,0.05,0.392964,0.304221,20
134,cross_rectangular,auxetic,True,0.18760098220216725,0.18760098220216834,38.931287203245034,45,True,8.61,,199.0,1e-09,2,150,50,50,0.3,9999,1,0.01,0.05,0.290068,0.400973,20
135,cross_rectangular,auxetic,True,0.13126226132595828,0.13126226132596006,77.06591236530969,46,True,8.61,,199.0,1e-09,2,150,50,50,0.3,9999,1,0.01,0.05,0.332874,0.550379,20
136,cross_rectangular,auxetic,True,0.3049534202737147,0.30495342027371924,26.673983383582833,36,True,6.57,,199.0,1e-09,2,150,50,50,0.3,9999,1,0.01,0.05,0.225158,0.321727,20
137,cross_rectangular,auxetic,True,0.25280325670297404,0.2528032567029763,72.96837379308171,53,True,9.7,,199.0,1e-09,2,150,50,50,0.3,9999,1,0.01,0.05,0.212869,0.506581,20
138,cross_rectangular,auxetic,True,0.1455251193635362,0.14552511936352813,120.12779487381063,33,True,6.23,,199.0,1e-09,2,150,50,50,0.3,9999,1,0.01,0.05,0.301718,0.637445,20
139,cross_rectangular,auxetic,True,0.2466050477337724,0.24660504773377076,33.70205789943949,35,True,6.58,,199.0,1e-09,2,150,50,50,0.3,9999,1,0.01,0.05,0.143932,0.362067,20
140,cross_rectangular,auxetic,True,0.27435452211230016,0.27435452211228706,45.454503944689414,43,True,8.44,,199.0,1e-09,2,150,50,50,0.3,9999,1,0.01,0.05,0.23091,0.40846,20
141,cross_rectangular,auxetic,True,0.11698097850551877,0.11679055813093822,162.96704442339376,150,True,27.19,,199.0,1e-09,2,150,50,50,0.3,9999,1,0.01,0.05,0.165213,0.692748,20
142,cross_rectangular,auxetic,True,0.3263893861198329,0.3263893861198343,65.47525228505413,31,True,5.79,,199.0,1e-09,2,150,50,50,0.3,9999,1,0.01,0.05,0.196063,0.468354,20
143,cross_rectangular,auxetic,True,0.1787340035375813,0.17873400353758342,56.98910316754822,70,True,13.35,,199.0,1e-09,2,150,50,50,0.3,9999,1,0.01,0.05,0.318632,0.474103,20
144,cross_rectangular,auxetic,True,0.230977947916968,0.23097794791697165,27.837831519208635,51,True,9.5,,199.0,1e-09,2,150,50,50,0.3,9999,1,0.01,0.05,0.259554,0.340584,20
145,cross_rectangular,auxetic,True,0.40607886955850814,0.4060788695585203,59.50677112112773,33,True,6.24,,199.0,1e-09,2,150,50,50,0.3,9999,1,0.01,0.05,0.127952,0.430783,20
146,cross_rectangular,auxetic,True,0.3241932943306544,0.3241932943306655,61.99597901483547,31,True,5.87,,199.0,1e-09,2,150,50,50,0.3,9999,1,0.01,0.05,0.178089,0.456004,20
147,cross_rectangular,auxetic,True,0.19931037123236608,0.19931037123236306,29.434920436348804,54,True,9.93,,199.0,1e-09,2,150,50,50,0.3,9999,1,0.01,0.05,0.245848,0.353999,20
148,cross_rectangular,auxetic,True,0.1401789426861714,0.14017894268616532,62.09763563072124,41,True,7.55,,199.0,1e-09,2,150,50,50,0.3,9999,1,0.01,0.05,0.321801,0.503405,20
149,cross_rectangular,auxetic,True,0.18411156164383943,0.18859292973014702,147.95375409718505,150,True,28.31,,199.0,1e-09,2,150,50,50,0.3,9999,1,0.01,0.05,0.145347,0.683914,20
150,cross_rectangular,auxetic,True,0.2344265283177672,0.2344265283177616,32.18246828890898,54,True,10.14,,199.0,1e-09,2,150,50,50,0.3,9999,1,0.01,0.05,0.233891,0.359638,20
151,cross_rectangular,auxetic,True,0.2638066949898163,0.25571238810840513,110.34511539406874,150,True,27.16,,199.0,1e-09,2,150,50,50,0.3,9999,1,0.01,0.05,0.151052,0.578275,20
152,cross_rectangular,auxetic,True,0.312161902521688,0.31216190252170123,110.8839316628009,32,True,5.78,,199.0,1e-09,2,150,50,50,0.3,9999,1,0.01,0.05,0.170735,0.584075,20
153,cross_rectangular,auxetic,True,0.12715857770730116,0.12715857770730124,40.86368968119623,51,True,9.38,,199.0,1e-09,2,150,50,50,0.3,9999,1,0.01,0.05,0.369626,0.423719,20
154,cross_rectangular,auxetic,True,0.22382822768866178,0.2213152980960078,121.59411030414316,150,True,28.4,,199.0,1e-09,2,150,50,50,0.3,9999,1,0.01,0.05,0.139928,0.605997,20
155,cross_rectangular,auxetic,True,0.21334681531944982,0.2133468153194454,73.1052652598332,32,True,5.78,,199.0,1e-09,2,150,50,50,0.3,9999,1,0.01,0.05,0.252327,0.515759,20
156,cross_rectangular,auxetic,True,0.12493704475852588,0.12493704475852373,85.49997666611004,40,True,7.46,,199.0,1e-09,2,150,50,50,0.3,9999,1,0.01,0.05,0.326925,0.573116,20
157,cross_rectangular,auxetic,True,0.22271757546589108,0.2227175754658907,65.29792372648635,42,True,7.72,,199.0,1e-09,2,150,50,50,0.3,9999,1,0.01,0.05,0.262698,0.493767,20
158,cross_rectangular,auxetic,True,0.13135267369637393,0.13135267369636908,71.8078539522709,38,True,7.11,,199.0,1e-09,2,150,50,50,0.3,9999,1,0.01,0.05,0.336821,0.534658,20
159,cross_rectangular,auxetic,True,0.23652776333467784,0.2365277633346745,39.158884919917384,42,True,7.84,,199.0,1e-09,2,150,50,50,0.3,9999,1,0.01,0.05,0.249142,0.397289,20
160,hexagonal,auxetic,True,0.14448816266410192,0.14315372504224702,50.63983055857458,39,True,7.35,,199.0,1e-09,2,150,50,50,0.3,9999,1,0.01,0.05,0.37899,0.463343,20
161,hexagonal,auxetic,True,0.188579688400241,0.17942516518782473,146.29271587763498,150,True,27.0,,199.0,1e-09,2,150,50,50,0.3,9999,1,0.01,0.05,0.259959,0.659722,20
162,hexagonal,auxetic,True,0.3267794583905023,0.3225095033086235,25.472406644716855,51,True,9.56,,199.0,1e-09,2,150,50,50,0.3,9999,1,0.01,0.05,0.199539,0.306741,20
163,hexagonal,auxetic,True,0.2693697827357796,0.2753844093300847,118.45444501245072,150,True,26.57,,199.0,1e-09,2,150,50,50,0.3,9999,1,0.01,0.05,0.21193,0.591718,20
164,hexagonal,auxetic,True,0.44973764562422924,0.44973764562422225,34.57172759237332,34,True,6.28,,199.0,1e-09,2,150,50,50,0.3,9999,1,0.01,0.05,0.107855,0.331061,20
165,hexagonal,auxetic,True,0.371085969094833,0.375315489422733,63.38352923720155,31,True,5.75,,199.0,1e-09,2,150,50,50,0.3,9999,1,0.01,0.05,0.171248,0.45097,20
166,hexagonal,auxetic,True,0.19643536965939795,0.19667790571485053,35.643526979578766,40,True,7.51,,199.0,1e-09,2,150,50,50,0.3,9999,1,0.01,0.05,0.2856,0.381933,20
167,hexagonal,auxetic,True,0.16929771594584142,0.1692743286921979,28.07796264422982,49,True,9.07,,199.0,1e-09,2,150,50,50,0.3,9999,1,0.01,0.05,0.330556,0.350166,20
168,hexagonal,auxetic,True,0.359900919595151,0.35627161803909946,84.27901706893655,31,True,5.68,,199.0,1e-09,2,150,50,50,0.3,9999,1,0.01,0.05,0.153095,0.508106,20
169,hexagonal,auxetic,True,0.21637919373339728,0.21952559691248905,47.031960323462464,38,True,7.2,,199.0,1e-09,2,150,50,50,0.3,9999,1,0.01,0.05,0.319133,0.431371,20
170,hexagonal,auxetic,True,0.20680085268814433,0.20610494867785514,120.72432663457468,150,True,28.25,,199.0,1e-09,2,150,50,50,0.3,9999,1,0.01,0.05,0.158658,0.612376,20
171,hexagonal,auxetic,True,0.15570020390647157,0.15709649008286047,74.14878916151864,61,True,11.21,,199.0,1e-09,2,150,50,50,0.3,9999,1,0.01,0.05,0.353395,0.534313,20
172,hexagonal,auxetic,True,0.18229601261713305,0.18229348413595406,25.908562771899497,68,True,12.32,,199.0,1e-09,2,150,50,50,0.3,9999,1,0.01,0.05,0.333616,0.336498,20
173,hexagonal,auxetic,True,0.1874663788261702,0.1873718410614798,127.51032362058618,150,True,28.11,,199.0,1e-09,2,150,50,50,0.3,9999,1,0.01,0.05,0.115486,0.627696,20
174,hexagonal,auxetic,True,0.24177845921468996,0.22430902982726839,127.48282094665926,150,True,27.45,,199.0,1e-09,2,150,50,50,0.3,9999,1,0.01,0.05,0.213265,0.617506,20
175,hexagonal,auxetic,True,0.23181144686616736,0.2316664967136302,31.87750896841822,35,True,6.53,,199.0,1e-09,2,150,50,50,0.3,9999,1,0.01,0.05,0.256973,0.359414,20
176,hexagonal,auxetic,True,0.28804519789351013,0.29643492174283537,95.58484004589062,32,True,5.9,,199.0,1e-09,2,150,50,50,0.3,9999,1,0.01,0.05,0.224982,0.554437,20
177,hexagonal,auxetic,True,0.26548072366041287,0.2652992478806444,26.220668363088237,46,True,8.64,,199.0,1e-09,2,150,50,50,0.3,9999,1,0.01,0.05,0.269784,0.326799,20
178,hexagonal,auxetic,True,0.15038347880729927,0.15040627163829523,34.08302105287788,41,True,7.89,,199.0,1e-09,2,150,50,50,0.3,9999,1,0.01,0.05,0.135011,0.377813,20
179,hexagonal,auxetic,True,0.14601674329506564,0.1449481144166527,56.15036519907605,38,True,7.12,,199.0,1e-09,2,150,50,50,0.3,9999,1,0.01,0.05,0.376213,0.483058,20
180,hexagonal,auxetic,True,0.14290872509691468,0.14612221566422118,91.11140577730652,34,True,6.4,,199.0,1e-09,2,150,50,50,0.3,9999,1,0.01,0.05,0.360926,0.580619,20
181,hexagonal,auxetic,True,0.39383909945045487,0.39025805938328706,53.65924501250316,33,True,6.56,,199.0,1e-09,2,150,50,50,0.3,9999,1,0.01,0.05,0.149851,0.416304,20
182,hexagonal,auxetic,True,0.17659913898567162,0.17544201178548455,146.94240881591233,150,True,28.94,,199.0,1e-09,2,150,50,50,0.3,9999,1,0.01,0.05,0.119411,0.690958,20
183,hexagonal,auxetic,True,0.25960044104942415,0.2636595559037112,54.149113661925284,47,True,9.09,,199.0,1e-09,2,150,50,50,0.3,9999,1,0.01,0.05,0.26698,0.448581,20
184,hexagonal,auxetic,True,0.39884962128938745,0.39884962128939466,68.6871919175635,33,True,6.39,,199.0,1e-09,2,150,50,50,0.3,9999,1,0.01,0.05,0.147927,0.465105,20
185,hexagonal,auxetic,True,0.1779319342955311,0.1753710128532548,61.344983737015156,46,True,8.95,,199.0,1e-09,2,150,50,50,0.3,9999,1,0.01,0.05,0.327011,0.491279,20
186,hexagonal,auxetic,True,0.2009391385504849,0.20095362383639273,23.381889375681897,37,True,7.06,,199.0,1e-09,2,150,50,50,0.3,9999,1,0.01,0.05,0.355376,0.322553,20
187,hexagonal,auxetic,True,0.32102930566679583,0.29401307135719373,110.73551590156734,150,True,28.11,,199.0,1e-09,2,150,50,50,0.3,9999,1,0.01,0.05,0.138133,0.57486,20
188,hexagonal,auxetic,True,0.2989159686187362,0.3001964351977999,111.23497032761553,34,True,6.42,,199.0,1e-09,2,150,50,50,0.3,9999,1,0.01,0.05,0.219868,0.587284,20
189,hexagonal,auxetic,True,0.1881385414991655,0.18682995586895917,41.122728224506915,40,True,7.55,,199.0,1e-09,2,150,50,50,0.3,9999,1,0.01,0.05,0.336332,0.412415,20
190,hexagonal,auxetic,True,0.23915656667015633,0.23772582578555537,38.09022069840039,33,True,6.26,,199.0,1e-09,2,150,50,50,0.3,9999,1,0.01,0.05,0.278911,0.391173,20
191,hexagonal,auxetic,True,0.25043492292543146,0.25699863040131365,65.90715341333966,37,True,7.13,,199.0,1e-09,2,150,50,50,0.3,9999,1,0.01,0.05,0.272744,0.486968,20
192,hexagonal,auxetic,True,0.31502328527861295,0.31482086130395026,93.10195929889704,33,True,6.17,,199.0,1e-09,2,150,50,50,0.3,9999,1,0.01,0.05,0.202238,0.543606,20
193,hexagonal,auxetic,True,0.15189673121005376,0.150473272499967,36.82113810946282,36,True,6.71,,199.0,1e-09,2,150,50,50,0.3,9999,1,0.01,0.05,0.391313,0.40223,20
194,hexagonal,auxetic,True,0.21748070032420666,0.19847804761031537,156.27001475530443,150,True,27.49,,199.0,1e-09,2,150,50,50,0.3,9999,1,0.01,0.05,0.222119,0.671449,20
195,hexagonal,auxetic,True,0.19940894417428903,0.19938301507033862,32.093189609004966,50,True,9.24,,199.0,1e-09,2,150,50,50,0.3,9999,1,0.01,0.05,0.262228,0.366641,20
196,hexagonal,auxetic,True,0.13683944623916808,0.13329883229631523,150.39381241692888,150,True,27.12,,199.0,1e-09,2,150,50,50,0.3,9999,1,0.01,0.05,0.293699,0.680341,20
197,hexagonal,auxetic,True,0.17604444243648468,0.1733785502479512,70.471454395954,48,True,9.09,,199.0,1e-09,2,150,50,50,0.3,9999,1,0.01,0.05,0.324869,0.521251,20
198,hexagonal,auxetic,True,0.30870437159477865,0.28767504359322116,105.1489255999748,150,True,26.63,,199.0,1e-09,2,150,50,50,0.3,9999,1,0.01,0.05,0.165749,0.565184,20
199,hexagonal,auxetic,True,0.2310991346874943,0.23114196122419053,32.736917671189,49,True,9.24,,199.0,1e-09,2,150,50,50,0.3,9999,1,0.01,0.05,0.232922,0.362798,20
200,hexagonal,auxetic,True,0.218502932558041,0.22016141731996844,48.91813820319025,32,True,6.08,,199.0,1e-09,2,150,50,50,0.3,9999,1,0.01,0.05,0.306759,0.437979,20
201,hexagonal,auxetic,True,0.17625116210643896,0.17767163577712514,121.95270208309712,29,True,5.5,,199.0,1e-09,2,150,50,50,0.3,9999,1,0.01,0.05,0.305155,0.634191,20
202,hexagonal,auxetic,True,0.12577067519227264,0.12752088866288205,137.80941612154984,99,True,18.85,,199.0,1e-09,2,150,50,50,0.3,9999,1,0.01,0.05,0.363522,0.679701,20
203,hexagonal,auxetic,True,0.1594293989708066,0.1536810833445631,141.42668128221055,150,True,27.29,,199.0,1e-09,2,150,50,50,0.3,9999,1,0.01,0.05,0.282677,0.665232,20
204,hexagonal,auxetic,True,0.25655731772470497,0.23163720228455179,137.96083711459755,73,True,13.47,,199.0,1e-09,2,150,50,50,0.3,9999,1,0.01,0.05,0.188189,0.637889,20
205,hexagonal,auxetic,True,0.2760738891278795,0.27470514935840623,49.72025180884164,33,True,6.27,,199.0,1e-09,2,150,50,50,0.3,9999,1,0.01,0.05,0.245471,0.426645,20
206,hexagonal,auxetic,True,0.10066683660207093,0.10036275375470956,117.41419900266257,36,True,6.89,,199.0,1e-09,2,150,50,50,0.3,9999,1,0.01,0.05,0.394511,0.646262,20
207,hexagonal,auxetic,True,0.23077905564981413,0.23075256332738445,20.990904185978728,54,True,10.18,,199.0,1e-09,2,150,50,50,0.3,9999,1,0.01,0.05,0.295137,0.300205,20
208,hexagonal,auxetic,True,0.1990703312944416,0.19873947923941873,32.90325707704237,34,True,6.45,,199.0,1e-09,2,150,50,50,0.3,9999,1,0.01,0.05,0.25204,0.371323,20
209,hexagonal,auxetic,True,0.366549685576038,0.3220339773199267,102.51223114250996,148,True,26.78,,199.0,1e-09,2,150,50,50,0.3,9999,1,0.01,0.05,0.125335,0.55581,20
210,hexagonal,auxetic,True,0.3225718406903252,0.34584418337027983,96.69730894455384,150,True,26.77,,199.0,1e-09,2,150,50,50,0.3,9999,1,0.01,0.05,0.142701,0.535742,20
211,hexagonal,auxetic,True,0.37616183651918145,0.37757834481919866,85.72992657428716,31,True,5.84,,199.0,1e-09,2,150,50,50,0.3,9999,1,0.01,0.05,0.163682,0.514237,20
212,hexagonal,auxetic,True,0.2271720838614762,0.2272445603189391,45.43841278448093,33,True,6.16,,199.0,1e-09,2,150,50,50,0.3,9999,1,0.01,0.05,0.302195,0.423128,20
213,hexagonal,auxetic,True,0.1880558675899808,0.19058029884858213,94.06204147111151,65,True,12.15,,199.0,1e-09,2,150,50,50,0.3,9999,1,0.01,0.05,0.312367,0.576518,20
214,hexagonal,auxetic,True,0.35984409954191343,0.36433138377308877,99.72535830515687,50,True,9.02,,199.0,1e-09,2,150,50,50,0.3,9999,1,0.01,0.05,0.181369,0.549566,20
215,hexagonal,auxetic,True,0.42286174684070027,0.42754441959884437,90.98028047208447,31,True,5.79,,199.0,1e-09,2,150,50,50,0.3,9999,1,0.01,0.05,0.126626,0.519025,20
216,hexagonal,auxetic,True,0.31370080364994657,0.3082385353194653,75.39892562013509,33,True,6.11,,199.0,1e-09,2,150,50,50,0.3,9999,1,0.01,0.05,0.190833,0.502922,20
217,hexagonal,auxetic,True,0.294019273082277,0.3017820719117345,84.6679997073748,33,True,6.26,,199.0,1e-09,2,150,50,50,0.3,9999,1,0.01,0.05,0.228607,0.527757,20
218,hexagonal,auxetic,True,0.1901408196140544,0.18957220085213058,149.3469528873862,150,True,28.46,,199.0,1e-09,2,150,50,50,0.3,9999,1,0.01,0.05,0.111617,0.688707,20
219,hexagonal,auxetic,True,0.2115022602691332,0.21713588776552753,127.1179635781817,150,True,28.01,,199.0,1e-09,2,150,50,50,0.3,9999,1,0.01,0.05,0.100505,0.644611,20
220,hexagonal,auxetic,True,0.11422596001399386,0.11416554793283239,93.9724669983759,49,True,9.2,,199.0,1e-09,2,150,50,50,0.3,9999,1,0.01,0.05,0.383413,0.595599,20
221,hexagonal,auxetic,True,0.1338509017091038,0.13382303339483081,27.264874486615305,55,True,10.39,,199.0,1e-09,2,150,50,50,0.3,9999,1,0.01,0.05,0.370955,0.347551,20
222,hexagonal,auxetic,True,0.16225007706615938,0.14545787783169517,154.3990067219746,150,True,28.33,,199.0,1e-09,2,150,50,50,0.3,9999,1,0.01,0.05,0.105457,0.697596,20
223,hexagonal,auxetic,True,0.3383333719586299,0.3334070067116063,47.68899392709538,35,True,6.57,,199.0,1e-09,2,150,50,50,0.3,9999,1,0.01,0.05,0.19447,0.406296,20
224,hexagonal,auxetic,True,0.17555056774535382,0.17830784077500048,116.54654784410292,33,True,6.33,,199.0,1e-09,2,150,50,50,0.3,9999,1,0.01,0.05,0.317411,0.624851,20
225,hexagonal,auxetic,True,0.26547264312111096,0.2651731055765953,63.499943495619206,31,True,5.97,,199.0,1e-09,2,150,50,50,0.3,9999,1,0.01,0.05,0.2493,0.475792,20
226,hexagonal,auxetic,True,0.19596401147417877,0.188679940451248,142.39983529575176,150,True,27.2,,199.0,1e-09,2,150,50,50,0.3,9999,1,0.01,0.05,0.242302,0.652281,20
227,hexagonal,auxetic,True,0.13415609306779175,0.13415349009778982,34.74918406040989,47,True,8.83,,199.0,1e-09,2,150,50,50,0.3,9999,1,0.01,0.05,0.131671,0.388838,20
228,hexagonal,auxetic,True,0.32391544703986075,0.3239220799390824,33.46660733756811,36,True,6.77,,199.0,1e-09,2,150,50,50,0.3,9999,1,0.01,0.05,0.174705,0.344458,20
229,hexagonal,auxetic,True,0.13976296709004168,0.13867383740364092,53.04187091766536,37,True,6.89,,199.0,1e-09,2,150,50,50,0.3,9999,1,0.01,0.05,0.388363,0.473562,20
230,hexagonal,auxetic,True,0.2046157761731383,0.20399925574823627,90.38352682415865,42,True,7.78,,199.0,1e-09,2,150,50,50,0.3,9999,1,0.01,0.05,0.29064,0.563346,20
231,hexagonal,auxetic,True,0.2836006444210444,0.2836250945653875,24.472964962338313,54,True,10.24,,199.0,1e-09,2,150,50,50,0.3,9999,1,0.01,0.05,0.236746,0.311231,20
232,hexagonal,auxetic,True,0.37213697715360844,0.37581071969156227,45.79458636709281,150,True,27.85,,199.0,1e-09,2,150,50,50,0.3,9999,1,0.01,0.05,0.17524,0.399949,20
233,hexagonal,auxetic,True,0.20862010602102443,0.20863582370191414,23.251277146522547,56,True,10.5,,199.0,1e-09,2,150,50,50,0.3,9999,1,0.01,0.05,0.342462,0.319353,20
234,hexagonal,auxetic,True,0.16836203291004195,0.16949331259506994,51.44382365235809,41,True,7.65,,199.0,1e-09,2,150,50,50,0.3,9999,1,0.01,0.05,0.349145,0.456816,20
235,hexagonal,auxetic,True,0.20577570854964422,0.23135915777049137,152.06274563730256,150,True,26.64,,199.0,1e-09,2,150,50,50,0.3,9999,1,0.01,0.05,0.20733,0.664383,20
236,hexagonal,auxetic,True,0.1453881359025328,0.14531092126597983,101.48057073804372,38,True,7.29,,199.0,1e-09,2,150,50,50,0.3,9999,1,0.01,0.05,0.344545,0.603504,20
237,hexagonal,auxetic,True,0.14158244492986716,0.14045962687714422,46.088528594607546,32,True,6.05,,199.0,1e-09,2,150,50,50,0.3,9999,1,0.01,0.05,0.396786,0.44423,20
238,hexagonal,auxetic,True,0.24910786258161827,0.2630622546990404,121.86526780583145,130,True,23.15,,199.0,1e-09,2,150,50,50,0.3,9999,1,0.01,0.05,0.185995,0.606663,20
239,hexagonal,auxetic,True,0.1555909274778474,0.15863401431488636,60.94818429669728,62,True,11.95,,199.0,1e-09,2,150,50,50,0.3,9999,1,0.01,0.05,0.367467,0.496064,20
240,hourglass,auxetic,True,0.08020286103509022,0.08026283174545065,33.45891884002988,34,True,6.33,,199.0,1e-09,2,150,50,50,0.3,9999,1,0.01,0.05,0.375966,0.402119,20
241,hourglass,auxetic,True,0.18085538324927775,0.18382938423656786,142.30619682202573,150,True,28.73,,199.0,1e-09,2,150,50,50,0.3,9999,1,0.01,0.05,0.389317,0.660331,20
242,hourglass,auxetic,True,0.17434285604092498,0.18375170369326616,145.64087848858034,150,True,28.0,,199.0,1e-09,2,150,50,50,0.3,9999,1,0.01,0.05,0.353318,0.67226,20
243,hourglass,auxetic,True,0.05482389229994254,0.05482273376292554,56.6253135575252,55,True,10.02,,199.0,1e-09,2,150,50,50,0.3,9999,1,0.01,0.05,0.152977,0.50632,20
244,hourglass,auxetic,True,0.06946248259779328,0.06899612293271588,65.57373534455901,43,True,8.14,,199.0,1e-09,2,150,50,50,0.3,9999,1,0.01,0.05,0.166014,0.538323,20
245,hourglass,auxetic,True,0.1049121908424583,0.10505770923056354,23.66299543942079,71,True,13.11,,199.0,1e-09,2,150,50,50,0.3,9999,1,0.01,0.05,0.276705,0.336475,20
246,hourglass,auxetic,True,0.19471577835833506,0.1936283302645117,139.37110984902984,150,True,28.69,,199.0,1e-09,2,150,50,50,0.3,9999,1,0.01,0.05,0.307891,0.665532,20
247,hourglass,auxetic,True,0.05802863385000193,0.05801344782648799,43.36168609227654,33,True,6.16,,199.0,1e-09,2,150,50,50,0.3,9999,1,0.01,0.05,0.258393,0.452363,20
248,hourglass,auxetic,True,0.07724363273619787,0.07725872351424495,36.95472418468256,40,True,7.43,,199.0,1e-09,2,150,50,50,0.3,9999,1,0.01,0.05,0.103037,0.422875,20
249,hourglass,auxetic,True,0.0651975593081334,0.06519617407907943,53.73697460107975,60,True,10.89,,199.0,1e-09,2,150,50,50,0.3,9999,1,0.01,0.05,0.31691,0.496423,20
250,hourglass,auxetic,True,0.21634253678423127,0.2102852740242242,146.49521804290046,150,True,27.94,,199.0,1e-09,2,150,50,50,0.3,9999,1,0.01,0.05,0.350502,0.691065,20
251,hourglass,auxetic,True,0.19244311119725876,0.19614609929001403,100.09808271276933,150,True,27.22,,199.0,1e-09,2,150,50,50,0.3,9999,1,0.01,0.05,0.347341,0.589415,20
252,hourglass,auxetic,True,0.05968642723493066,0.059663937448220794,51.352424289338245,41,True,7.79,,199.0,1e-09,2,150,50,50,0.3,9999,1,0.01,0.05,0.189393,0.487062,20
253,hourglass,auxetic,True,0.056979153324301916,0.05697125973540812,42.76364206765961,49,True,9.08,,199.0,1e-09,2,150,50,50,0.3,9999,1,0.01,0.05,0.181136,0.449158,20
254,hourglass,auxetic,True,0.06126120462819974,0.06125166687567991,46.4210390952681,40,True,7.27,,199.0,1e-09,2,150,50,50,0.3,9999,1,0.01,0.05,0.111114,0.466992,20
255,hourglass,auxetic,True,0.10731130619283318,0.10739347646841597,23.15550348405854,73,True,13.38,,199.0,1e-09,2,150,50,50,0.3,9999,1,0.01,0.05,0.159577,0.332528,20
256,hourglass,auxetic,True,0.08405684677052559,0.08403051121515426,28.741318787911307,30,True,5.71,,199.0,1e-09,2,150,50,50,0.3,9999,1,0.01,0.05,0.249593,0.371091,20
257,hourglass,auxetic,True,0.084031233647779,0.08399010353388502,30.09255382079355,31,True,5.81,,199.0,1e-09,2,150,50,50,0.3,9999,1,0.01,0.05,0.13525,0.380963,20
258,hourglass,auxetic,True,0.08449292811088296,0.08443394222496499,29.756867614370627,28,True,5.4,,199.0,1e-09,2,150,50,50,0.3,9999,1,0.01,0.05,0.317778,0.37872,20
259,hourglass,auxetic,True,0.05888288517116443,0.058887278012742766,44.84256272021053,31,True,5.74,,199.0,1e-09,2,150,50,50,0.3,9999,1,0.01,0.05,0.171898,0.459154,20
260,hourglass,auxetic,True,0.21939787656689339,0.2205715895905099,104.91636314410178,150,True,28.76,,199.0,1e-09,2,150,50,50,0.3,9999,1,0.01,0.05,0.299795,0.572272,20
261,hourglass,auxetic,True,0.18965073010011116,0.19373164881516736,106.86209257037217,150,True,27.97,,199.0,1e-09,2,150,50,50,0.3,9999,1,0.01,0.05,0.233239,0.601162,20
262,hourglass,auxetic,True,0.08332055565103058,0.08319558936007138,30.75204869481804,28,True,5.19,,199.0,1e-09,2,150,50,50,0.3,9999,1,0.01,0.05,0.168012,0.385861,20
263,hourglass,auxetic,True,0.19657567315468757,0.19847607152189176,103.24467372418151,150,True,26.75,,199.0,1e-09,2,150,50,50,0.3,9999,1,0.01,0.05,0.321585,0.594314,20
264,hourglass,auxetic,True,0.06536714974301946,0.06539299251302744,59.04171043746619,36,True,6.97,,199.0,1e-09,2,150,50,50,0.3,9999,1,0.01,0.05,0.289709,0.516795,20
265,hourglass,auxetic,True,0.1964913407160969,0.1959104188373899,138.37365694307766,150,True,28.04,,199.0,1e-09,2,150,50,50,0.3,9999,1,0.01,0.05,0.395851,0.632496,20
266,hourglass,auxetic,True,0.22292280167735548,0.22344487544506722,129.45720315108622,150,True,28.64,,199.0,1e-09,2,150,50,50,0.3,9999,1,0.01,0.05,0.255872,0.651845,20
267,hourglass,auxetic,True,0.19141371074935074,0.20601241634588613,121.11340501606642,150,True,27.84,,199.0,1e-09,2,150,50,50,0.3,9999,1,0.01,0.05,0.236636,0.64438,20
268,hourglass,auxetic,True,0.19353479870577123,0.266259561717805,165.5258196067207,150,True,28.05,,199.0,1e-09,2,150,50,50,0.3,9999,1,0.01,0.05,0.123029,0.683058,20
269,hourglass,auxetic,True,0.18404509682902886,0.1787641254297621,113.27043141401809,150,True,27.55,,199.0,1e-09,2,150,50,50,0.3,9999,1,0.01,0.05,0.270177,0.610246,20
270,hourglass,auxetic,True,0.06395140031520492,0.06392274529419585,55.29471056428183,66,True,12.3,,199.0,1e-09,2,150,50,50,0.3,9999,1,0.01,0.05,0.397071,0.501696,20
271,hourglass,auxetic,True,0.21797693184494127,0.23000060227061558,132.0854023138807,150,True,28.11,,199.0,1e-09,2,150,50,50,0.3,9999,1,0.01,0.05,0.210123,0.677233,20
272,hourglass,auxetic,True,0.06238880623458906,0.06239228608953304,48.10966098134064,57,True,10.64,,199.0,1e-09,2,150,50,50,0.3,9999,1,0.01,0.05,0.283417,0.474654,20
273,hourglass,auxetic,True,0.06474539668107382,0.06472801348845011,40.899346909553316,28,True,5.29,,199.0,1e-09,2,150,50,50,0.3,9999,1,0.01,0.05,0.239296,0.441117,20
274,hourglass,auxetic,True,0.07390180517156392,0.07392588026285497,38.31733257209831,32,True,5.92,,199.0,1e-09,2,150,50,50,0.3,9999,1,0.01,0.05,0.378113,0.429969,20
275,hourglass,auxetic,True,0.06029941411872166,0.06030178299059806,49.697133244733735,65,True,12.04,,199.0,1e-09,2,150,50,50,0.3,9999,1,0.01,0.05,0.38299,0.481085,20
276,hourglass,auxetic,True,0.18732288825825713,0.19150950347893805,115.31165619842595,150,True,28.01,,199.0,1e-09,2,150,50,50,0.3,9999,1,0.01,0.05,0.162122,0.607174,20
277,hourglass,auxetic,True,0.05988684276757417,0.0598573543869599,52.36851429592494,34,True,6.44,,199.0,1e-09,2,150,50,50,0.3,9999,1,0.01,0.05,0.207874,0.491145,20
278,hourglass,auxetic,True,0.0838979779830822,0.08389788368881597,28.25609094788031,64,True,11.74,,199.0,1e-09,2,150,50,50,0.3,9999,1,0.01,0.05,0.225795,0.367565,20
279,hourglass,auxetic,True,0.10188759047984229,0.10214354304026124,24.1934628379749,62,True,11.32,,199.0,1e-09,2,150,50,50,0.3,9999,1,0.01,0.05,0.216739,0.340511,20
280,hourglass,auxetic,True,0.19574983586329214,0.1778432232627975,128.66952150510616,150,True,25.27,,199.0,1e-09,2,150,50,50,0.3,9999,1,0.01,0.05,0.285862,0.655218,20
281,hourglass,auxetic,True,0.060139135241559755,0.06014163735823167,45.337087743855434,28,True,4.66,,199.0,1e-09,2,150,50,50,0.3,9999,1,0.01,0.05,0.305773,0.462519,20
282,hourglass,auxetic,True,0.06511824674516874,0.06507425832122374,63.677660726245776,39,True,7.41,,199.0,1e-09,2,150,50,50,0.3,9999,1,0.01,0.05,0.130468,0.531473,20
283,hourglass,auxetic,True,0.0806247097935763,0.08063733821940317,66.73631157438281,63,True,11.76,,199.0,1e-09,2,150,50,50,0.3,9999,1,0.01,0.05,0.213963,0.541348,20
284,hourglass,auxetic,True,0.22715789493125305,0.2340986785529729,97.20603550998109,150,True,28.85,,199.0,1e-09,2,150,50,50,0.3,9999,1,0.01,0.05,0.119984,0.561546,20
285,hourglass,auxetic,True,0.07967070346998212,0.07967830596318129,32.156674720229965,50,True,9.09,,199.0,1e-09,2,150,50,50,0.3,9999,1,0.01,0.05,0.223579,0.393132,20
286,hourglass,auxetic,True,0.09079492482082764,0.09079753644469427,27.217967407576403,60,True,10.92,,199.0,1e-09,2,150,50,50,0.3,9999,1,0.01,0.05,0.310276,0.362533,20
287,hourglass,auxetic,True,0.09353488847125202,0.09353529651864759,25.579961420931106,57,True,10.57,,199.0,1e-09,2,150,50,50,0.3,9999,1,0.01,0.05,0.362672,0.348618,20
288,hourglass,auxetic,True,0.08080408621739724,0.08083223172189592,32.744158811037266,39,True,7.17,,199.0,1e-09,2,150,50,50,0.3,9999,1,0.01,0.05,0.175688,0.397465,20
289,hourglass,auxetic,True,0.06613126032943117,0.06605950004346642,58.314955555877255,47,True,8.7,,199.0,1e-09,2,150,50,50,0.3,9999,1,0.01,0.05,0.183055,0.514552,20
290,hourglass,auxetic,True,0.2075537475864377,0.20419810768249175,122.18433143959388,150,True,25.14,,199.0,1e-09,2,150,50,50,0.3,9999,1,0.01,0.05,0.149739,0.624563,20
291,hourglass,auxetic,True,0.195875659156416,0.197907726207943,104.52575528321567,150,True,24.95,,199.0,1e-09,2,150,50,50,0.3,9999,1,0.01,0.05,0.146105,0.597086,20
292,hourglass,auxetic,True,0.11765044917622831,0.11795721320091013,20.09052385456659,72,True,12.92,,199.0,1e-09,2,150,50,50,0.3,9999,1,0.01,0.05,0.367169,0.305505,20
293,hourglass,auxetic,True,0.07567675861604721,0.07571653132588126,36.338244877199365,28,True,5.17,,199.0,1e-09,2,150,50,50,0.3,9999,1,0.01,0.05,0.190992,0.418514,20
294,hourglass,auxetic,True,0.11196305646463214,0.11221599007987773,22.479926394685982,31,True,5.97,,199.0,1e-09,2,150,50,50,0.3,9999,1,0.01,0.05,0.243468,0.327982,20
295,hourglass,auxetic,True,0.21164112761551496,0.2037357013543847,94.83064779369404,150,True,28.13,,199.0,1e-09,2,150,50,50,0.3,9999,1,0.01,0.05,0.385842,0.576512,20
296,hourglass,auxetic,True,0.11281899500482667,0.1129804681519049,21.407648721934244,49,True,9.05,,199.0,1e-09,2,150,50,50,0.3,9999,1,0.01,0.05,0.127898,0.318511,20
297,hourglass,auxetic,True,0.19317797538961,0.19101597080985724,128.84237844066803,150,True,27.82,,199.0,1e-09,2,150,50,50,0.3,9999,1,0.01,0.05,0.116755,0.636051,20
298,hourglass,auxetic,True,0.09605773888111818,0.09605683706680164,26.14733013528101,59,True,10.74,,199.0,1e-09,2,150,50,50,0.3,9999,1,0.01,0.05,0.336442,0.355035,20
299,hourglass,auxetic,True,0.0689825315461422,0.06897779977240548,39.49997590667313,44,True,8.1,,199.0,1e-09,2,150,50,50,0.3,9999,1,0.01,0.05,0.361519,0.434839,20
300,hourglass,auxetic,True,0.17817977009930921,0.1669290408212025,86.88914815136559,150,True,28.25,,199.0,1e-09,2,150,50,50,0.3,9999,1,0.01,0.05,0.143307,0.545585,20
301,hourglass,auxetic,True,0.11001009002253243,0.11000553721049912,19.88851715937797,115,True,20.44,,199.0,1e-09,2,150,50,50,0.3,9999,1,0.01,0.05,0.341808,0.301761,20
302,hourglass,auxetic,True,0.09497541108222056,0.09497486294735191,25.84207266540251,66,True,11.85,,199.0,1e-09,2,150,50,50,0.3,9999,1,0.01,0.05,0.253672,0.351759,20
303,hourglass,auxetic,True,0.17547948442826874,0.17028718904479428,149.36756793339646,150,True,28.43,,199.0,1e-09,2,150,50,50,0.3,9999,1,0.01,0.05,0.371884,0.696821,20
304,hourglass,auxetic,True,0.06198798297661663,0.062064453343834126,62.59691606222225,30,True,5.51,,199.0,1e-09,2,150,50,50,0.3,9999,1,0.01,0.05,0.105395,0.528206,20
305,hourglass,auxetic,True,0.22335161871725231,0.22165766206803464,100.60052409590989,150,True,27.04,,199.0,1e-09,2,150,50,50,0.3,9999,1,0.01,0.05,0.20143,0.567615,20
306,hourglass,auxetic,True,0.07468858968035137,0.07468439247094284,34.354328177402394,46,True,8.29,,199.0,1e-09,2,150,50,50,0.3,9999,1,0.01,0.05,0.113753,0.407717,20
307,hourglass,auxetic,True,0.06294666013945008,0.06296054261008639,48.88948929832594,46,True,8.45,,199.0,1e-09,2,150,50,50,0.3,9999,1,0.01,0.05,0.264231,0.478284,20
308,hourglass,auxetic,True,0.11093951881703483,0.1111031253510797,21.993659004067478,78,True,14.45,,199.0,1e-09,2,150,50,50,0.3,9999,1,0.01,0.05,0.355588,0.323034,20
309,hourglass,auxetic,True,0.19581880598111837,0.19845287382705182,90.80918130740744,150,True,28.0,,199.0,1e-09,2,150,50,50,0.3,9999,1,0.01,0.05,0.29559,0.551007,20
310,hourglass,auxetic,True,0.18795358896435058,0.1916976658314065,118.2939970317803,150,True,25.48,,199.0,1e-09,2,150,50,50,0.3,9999,1,0.01,0.05,0.229621,0.618771,20
311,hourglass,auxetic,True,0.23760598822771622,0.21331483485187705,132.3458656751734,150,True,25.72,,199.0,1e-09,2,150,50,50,0.3,9999,1,0.01,0.05,0.274269,0.627364,20
312,hourglass,auxetic,True,0.06483755984978985,0.06481578703650506,40.61644629610883,32,True,5.91,,199.0,1e-09,2,150,50,50,0.3,9999,1,0.01,0.05,0.332851,0.439863,20
313,hourglass,auxetic,True,0.20295511058440308,0.21007053062356693,100.1493154456384,150,True,27.48,,199.0,1e-09,2,150,50,50,0.3,9999,1,0.01,0.05,0.325017,0.584024,20
314,hourglass,auxetic,True,0.17708268234439187,0.20026570293368026,119.4345208893126,150,True,28.26,,199.0,1e-09,2,150,50,50,0.3,9999,1,0.01,0.05,0.196527,0.645947,20
315,hourglass,auxetic,True,0.20174213001316077,0.1928724869130998,150.28504973272248,150,True,28.17,,199.0,1e-09,2,150,50,50,0.3,9999,1,0.01,0.05,0.198947,0.688255,20
316,hourglass,auxetic,True,0.0757903569492827,0.07581140507292307,35.68614666249553,40,True,7.33,,199.0,1e-09,2,150,50,50,0.3,9999,1,0.01,0.05,0.292793,0.414778,20
317,hourglass,auxetic,True,0.06087063203641084,0.06088918513333717,61.230730288177625,42,True,7.99,,199.0,1e-09,2,150,50,50,0.3,9999,1,0.01,0.05,0.267875,0.52403,20
318,hourglass,auxetic,True,0.1202322841015902,0.12046312799333117,20.225794453427554,127,True,23.01,,199.0,1e-09,2,150,50,50,0.3,9999,1,0.01,0.05,0.138718,0.310393,20
319,hourglass,auxetic,True,0.19812913727056855,0.19371584321800783,90.61851443983855,117,True,22.4,,199.0,1e-09,2,150,50,50,0.3,9999,1,0.01,0.05,0.329552,0.555892,20
320,square,auxetic,True,0.30694064283993866,0.3069406428455765,20.382739002559468,42,True,7.43,,199.0,1e-09,2,150,50,50,0.3,9999,1,0.01,0.05,0.209285,0.30192,20
321,square,auxetic,True,0.43358285613342235,0.43358285613342273,58.22755636758686,33,True,5.85,,199.0,1e-09,2,150,50,50,0.3,9999,1,0.01,0.05,0.104501,0.421959,20
322,square,auxetic,True,0.193318137131134,0.19085778040489745,142.97037623662828,150,True,28.19,,199.0,1e-09,2,150,50,50,0.3,9999,1,0.01,0.05,0.129443,0.686124,20
323,square,auxetic,True,0.43360030279861034,0.4336003027986242,76.14808680970961,39,True,7.46,,199.0,1e-09,2,150,50,50,0.3,9999,1,0.01,0.05,0.114183,0.482269,20
324,square,auxetic,True,0.14577782064603523,0.14595321444985201,163.11256647047173,150,True,23.74,,199.0,1e-09,2,150,50,50,0.3,9999,1,0.01,0.05,0.203143,0.698155,20
325,square,auxetic,True,0.27039725581097196,0.27039725581096813,55.295017254473926,31,True,5.45,,199.0,1e-09,2,150,50,50,0.3,9999,1,0.01,0.05,0.214198,0.453377,20
326,square,auxetic,True,0.2692505333372621,0.2697903767562351,124.16105799447872,150,True,27.5,,199.0,1e-09,2,150,50,50,0.3,9999,1,0.01,0.05,0.146215,0.604251,20
327,square,auxetic,True,0.16828565963466535,0.16828565963499703,137.36014676905455,40,True,7.45,,199.0,1e-09,2,150,50,50,0.3,9999,1,0.01,0.05,0.277165,0.666656,20
328,square,auxetic,True,0.13728924322956493,0.13728924322956287,34.074016428697846,42,True,7.95,,199.0,1e-09,2,150,50,50,0.3,9999,1,0.01,0.05,0.132207,0.383399,20
329,square,auxetic,True,0.16863497304380268,0.16863497304379813,42.96324833295703,31,True,5.83,,199.0,1e-09,2,150,50,50,0.3,9999,1,0.01,0.05,0.393037,0.463564,20
330,square,auxetic,True,0.24310782332423944,0.24310782332424302,71.69274106101439,33,True,6.14,,199.0,1e-09,2,150,50,50,0.3,9999,1,0.01,0.05,0.220438,0.509851,20
331,square,auxetic,True,0.15553820547388494,0.15553820547373362,118.69258151262241,34,True,6.35,,199.0,1e-09,2,150,50,50,0.3,9999,1,0.01,0.05,0.319484,0.647216,20
332,square,auxetic,True,0.14512732089155833,0.1451273208915533,67.49279514947057,41,True,7.38,,199.0,1e-09,2,150,50,50,0.3,9999,1,0.01,0.05,0.389632,0.555064,20
333,square,auxetic,True,0.21379695134123802,0.2142955155792627,137.75149011103792,150,True,24.11,,199.0,1e-09,2,150,50,50,0.3,9999,1,0.01,0.05,0.176512,0.641617,20
334,square,auxetic,True,0.21291387591839467,0.21291387591838806,68.08730094934299,46,True,8.4,,199.0,1e-09,2,150,50,50,0.3,9999,1,0.01,0.05,0.262502,0.510696,20
335,square,auxetic,True,0.214008858532799,0.21400885853279675,75.27259039628564,31,True,5.82,,199.0,1e-09,2,150,50,50,0.3,9999,1,0.01,0.05,0.250978,0.532348,20
336,square,auxetic,True,0.18953441611693347,0.18953441611693267,22.582507965925593,74,True,13.54,,199.0,1e-09,2,150,50,50,0.3,9999,1,0.01,0.05,0.323262,0.328905,20
337,square,auxetic,True,0.13978780613462177,0.13978780613461747,75.60437453253712,31,True,5.81,,199.0,1e-09,2,150,50,50,0.3,9999,1,0.01,0.05,0.362569,0.578042,20
338,square,auxetic,True,0.1513882565367041,0.15138825653669888,82.73634044921606,44,True,8.23,,199.0,1e-09,2,150,50,50,0.3,9999,1,0.01,0.05,0.353446,0.583563,20
339,square,auxetic,True,0.2548351435741902,0.2548351435741828,76.85803819282624,37,True,6.95,,199.0,1e-09,2,150,50,50,0.3,9999,1,0.01,0.05,0.217775,0.521191,20
340,square,auxetic,True,0.24013459465945222,0.2401345946594614,29.343342458550524,62,True,11.54,,199.0,1e-09,2,150,50,50,0.3,9999,1,0.01,0.05,0.229386,0.348434,20
341,square,auxetic,True,0.24705618680599928,0.24705618680600042,93.7766343619081,49,True,9.02,,199.0,1e-09,2,150,50,50,0.3,9999,1,0.01,0.05,0.225778,0.564951,20
342,square,auxetic,True,0.19377470650504622,0.19377470650505102,34.06441828815653,45,True,8.64,,199.0,1e-09,2,150,50,50,0.3,9999,1,0.01,0.05,0.340792,0.404206,20
343,square,auxetic,True,0.12453984785320196,0.12453984785320335,34.978938237585766,71,True,13.1,,199.0,1e-09,2,150,50,50,0.3,9999,1,0.01,0.05,0.140568,0.392933,20
344,square,auxetic,True,0.22779715347917917,0.22779715347916799,24.09360298523663,39,True,7.34,,199.0,1e-09,2,150,50,50,0.3,9999,1,0.01,0.05,0.245564,0.322596,20
345,square,auxetic,True,0.24122374714494618,0.24122374714495257,104.53012562226064,48,True,9.11,,199.0,1e-09,2,150,50,50,0.3,9999,1,0.01,0.05,0.234146,0.589583,20
346,square,auxetic,True,0.23080322974625325,0.23080322974625375,46.38969857713625,43,True,8.12,,199.0,1e-09,2,150,50,50,0.3,9999,1,0.01,0.05,0.268541,0.433061,20
347,square,auxetic,True,0.29233261296458474,0.2923326129645746,74.24146993579183,34,True,6.07,,199.0,1e-09,2,150,50,50,0.3,9999,1,0.01,0.05,0.167014,0.504653,20
348,square,auxetic,True,0.23236509002380695,0.233050403063388,91.80396616729448,150,True,28.12,,199.0,1e-09,2,150,50,50,0.3,9999,1,0.01,0.05,0.108755,0.570107,20
349,square,auxetic,True,0.18840209552101514,0.18840209552102105,35.89588494666542,34,True,6.41,,199.0,1e-09,2,150,50,50,0.3,9999,1,0.01,0.05,0.350078,0.411968,20
350,square,auxetic,True,0.18118977570651312,0.1811897757065054,32.04495052518447,38,True,7.31,,199.0,1e-09,2,150,50,50,0.3,9999,1,0.01,0.05,0.375085,0.408178,20
351,square,auxetic,True,0.2684698047312393,0.26846980471185905,114.78913985743631,68,True,12.65,,199.0,1e-09,2,150,50,50,0.3,9999,1,0.01,0.05,0.187726,0.595497,20
352,square,auxetic,True,0.16051935511644247,0.16051935511643123,27.93046785019289,36,True,6.59,,199.0,1e-09,2,150,50,50,0.3,9999,1,0.01,0.05,0.3386,0.365994,20
353,square,auxetic,True,0.1813371105502781,0.18184711029901868,160.2798919534389,150,True,27.16,,199.0,1e-09,2,150,50,50,0.3,9999,1,0.01,0.05,0.197857,0.680197,20
354,square,auxetic,True,0.13079842602203479,0.13079842602203196,34.51792448511498,34,True,6.48,,199.0,1e-09,2,150,50,50,0.3,9999,1,0.01,0.05,0.197021,0.389886,20
355,square,auxetic,True,0.18315576850380585,0.18315576850380638,64.92265193250651,45,True,8.62,,199.0,1e-09,2,150,50,50,0.3,9999,1,0.01,0.05,0.308962,0.515663,20
356,square,auxetic,True,0.19965716045089393,0.19965716045089263,44.19413482709416,31,True,6.05,,199.0,1e-09,2,150,50,50,0.3,9999,1,0.01,0.05,0.311275,0.437727,20
357,square,auxetic,True,0.14990282708137817,0.1499028270800522,132.63988904096578,45,True,8.27,,199.0,1e-09,2,150,50,50,0.3,9999,1,0.01,0.05,0.313787,0.671267,20
358,square,auxetic,True,0.3235585821960185,0.3235585821960084,27.012543122391172,45,True,8.64,,199.0,1e-09,2,150,50,50,0.3,9999,1,0.01,0.05,0.172451,0.319666,20
359,square,auxetic,True,0.17971178286054876,0.17971178286054335,71.31869184465594,31,True,5.83,,199.0,1e-09,2,150,50,50,0.3,9999,1,0.01,0.05,0.294033,0.536273,20
360,square,auxetic,True,0.26420877033248497,0.26420877033248735,66.11578129171107,31,True,5.9,,199.0,1e-09,2,150,50,50,0.3,9999,1,0.01,0.05,0.23717,0.490083,20
361,square,auxetic,True,0.1604907795533298,0.16049077955334023,105.58659601674091,32,True,5.99,,199.0,1e-09,2,150,50,50,0.3,9999,1,0.01,0.05,0.301553,0.621411,20
362,square,auxetic,True,0.2540661736139411,0.2540661736247665,19.925340986142814,61,True,11.65,,199.0,1e-09,2,150,50,50,0.3,9999,1,0.01,0.05,0.290705,0.305209,20
363,square,auxetic,True,0.3052443069171947,0.30524430691719273,90.48909789188153,33,True,6.27,,199.0,1e-09,2,150,50,50,0.3,9999,1,0.01,0.05,0.163234,0.542379,20
364,square,auxetic,True,0.37046683023663735,0.37046683023664406,61.47548234914919,33,True,6.24,,199.0,1e-09,2,150,50,50,0.3,9999,1,0.01,0.05,0.121275,0.444953,20
365,square,auxetic,True,0.16213906517792706,0.16213906517792306,63.33258750572232,42,True,7.84,,199.0,1e-09,2,150,50,50,0.3,9999,1,0.01,0.05,0.325806,0.527515,20
366,square,auxetic,True,0.20770956487770972,0.21310707116387456,125.15136880269444,150,True,27.38,,199.0,1e-09,2,150,50,50,0.3,9999,1,0.01,0.05,0.151815,0.615676,20
367,square,auxetic,True,0.17196646272275512,0.17196646272278465,136.338283418338,37,True,6.71,,199.0,1e-09,2,150,50,50,0.3,9999,1,0.01,0.05,0.259711,0.664703,20
368,square,auxetic,True,0.17259916182070723,0.17259916182070195,47.19577438688741,44,True,8.29,,199.0,1e-09,2,150,50,50,0.3,9999,1,0.01,0.05,0.359157,0.466908,20
369,square,auxetic,True,0.16241410997401098,0.16241410997399597,48.34157077578362,31,True,5.96,,199.0,1e-09,2,150,50,50,0.3,9999,1,0.01,0.05,0.372895,0.487333,20
370,square,auxetic,True,0.11055264755437985,0.11055264214724872,137.27459307325967,60,True,11.08,,199.0,1e-09,2,150,50,50,0.3,9999,1,0.01,0.05,0.397474,0.690445,20
371,square,auxetic,True,0.16789877550552085,0.1678987755055217,92.5422484649493,39,True,7.4,,199.0,1e-09,2,150,50,50,0.3,9999,1,0.01,0.05,0.304502,0.592676,20
372,square,auxetic,True,0.15548706928984907,0.15538883205148127,138.70962323854604,142,True,25.04,,199.0,1e-09,2,150,50,50,0.3,9999,1,0.01,0.05,0.249449,0.679948,20
373,square,auxetic,True,0.16311137532857523,0.1631113753285705,28.617729124607603,56,True,10.13,,199.0,1e-09,2,150,50,50,0.3,9999,1,0.01,0.05,0.330385,0.370406,20
374,square,auxetic,True,0.26027181120643,0.26027181120644033,22.754327759640287,35,True,6.67,,199.0,1e-09,2,150,50,50,0.3,9999,1,0.01,0.05,0.270818,0.310408,20
375,square,auxetic,True,0.2605244969820418,0.2605244969820345,61.89804212201929,38,True,7.21,,199.0,1e-09,2,150,50,50,0.3,9999,1,0.01,0.05,0.205437,0.475294,20
376,square,auxetic,True,0.377932637845856,0.3779326378458599,52.345632690736096,40,True,7.44,,199.0,1e-09,2,150,50,50,0.3,9999,1,0.01,0.05,0.152962,0.416489,20
377,square,auxetic,True,0.1328364943560774,0.13283649436043873,108.86137778101441,57,True,10.67,,199.0,1e-09,2,150,50,50,0.3,9999,1,0.01,0.05,0.386183,0.651678,20
378,square,auxetic,True,0.2594202333944196,0.25788345359429626,124.57289060154473,150,True,27.14,,199.0,1e-09,2,150,50,50,0.3,9999,1,0.01,0.05,0.156804,0.605003,20
379,square,auxetic,True,0.2735909644647466,0.27359096446474673,31.994712053822845,49,True,8.82,,199.0,1e-09,2,150,50,50,0.3,9999,1,0.01,0.05,0.170311,0.351601,20
380,square,auxetic,True,0.17252408531923888,0.17252408531923658,41.749618901665784,45,True,8.22,,199.0,1e-09,2,150,50,50,0.3,9999,1,0.01,0.05,0.344785,0.446329,20
381,square,auxetic,True,0.2231653072897599,0.22316530728975503,24.825403539294324,49,True,8.83,,199.0,1e-09,2,150,50,50,0.3,9999,1,0.01,0.05,0.25642,0.332515,20
382,square,auxetic,True,0.3768198724487816,0.3768198724487701,55.989854053384164,37,True,6.86,,199.0,1e-09,2,150,50,50,0.3,9999,1,0.01,0.05,0.143534,0.428119,20
383,square,auxetic,True,0.18641334551611974,0.19226144607639234,119.97620391769631,150,True,27.49,,199.0,1e-09,2,150,50,50,0.3,9999,1,0.01,0.05,0.101507,0.633952,20
384,square,auxetic,True,0.17100814961138966,0.17100814961139532,33.197907854203194,42,True,7.95,,199.0,1e-09,2,150,50,50,0.3,9999,1,0.01,0.05,0.190366,0.378159,20
385,square,auxetic,True,0.18940436512237904,0.18940436512237535,53.25575184233763,36,True,6.94,,199.0,1e-09,2,150,50,50,0.3,9999,1,0.01,0.05,0.282997,0.474999,20
386,square,auxetic,True,0.1466885795062452,0.1466885795062397,22.943332121833087,47,True,8.5,,199.0,1e-09,2,150,50,50,0.3,9999,1,0.01,0.05,0.378316,0.33995,20
387,square,auxetic,True,0.2544390672009702,0.2529432925860725,102.83589742087382,150,True,26.85,,199.0,1e-09,2,150,50,50,0.3,9999,1,0.01,0.05,0.117542,0.566198,20
388,square,auxetic,True,0.17659707276612435,0.1765970727661143,75.33464039763655,44,True,8.15,,199.0,1e-09,2,150,50,50,0.3,9999,1,0.01,0.05,0.29712,0.548057,20
389,square,auxetic,True,0.1403538818947729,0.14035388189479123,102.59537055992352,31,True,5.96,,199.0,1e-09,2,150,50,50,0.3,9999,1,0.01,0.05,0.35822,0.628747,20
390,square,auxetic,True,0.13654353908319974,0.13654353908326092,118.20791074627408,29,True,5.51,,199.0,1e-09,2,150,50,50,0.3,9999,1,0.01,0.05,0.334004,0.658623,20
391,square,auxetic,True,0.22183744438873026,0.22183744438873348,26.954798054322143,33,True,6.04,,199.0,1e-09,2,150,50,50,0.3,9999,1,0.01,0.05,0.240968,0.342695,20
392,square,auxetic,True,0.3238006620071045,0.3238006620070876,42.403517168239304,41,True,7.51,,199.0,1e-09,2,150,50,50,0.3,9999,1,0.01,0.05,0.18169,0.396967,20
393,square,auxetic,True,0.2106075631298169,0.21353762415049796,119.4211164822878,150,True,25.96,,199.0,1e-09,2,150,50,50,0.3,9999,1,0.01,0.05,0.135362,0.610841,20
394,square,auxetic,True,0.21806613647244447,0.21806613647244905,63.16455975664356,50,True,9.25,,199.0,1e-09,2,150,50,50,0.3,9999,1,0.01,0.05,0.273076,0.495088,20
395,square,auxetic,True,0.1630650808226633,0.16306508082265714,25.896142226823194,49,True,8.98,,199.0,1e-09,2,150,50,50,0.3,9999,1,0.01,0.05,0.368241,0.362138,20
396,square,auxetic,True,0.3011457905935156,0.30114579059350494,94.67798222384938,43,True,7.95,,199.0,1e-09,2,150,50,50,0.3,9999,1,0.01,0.05,0.184275,0.55225,20
397,square,auxetic,True,0.1779665889038376,0.18030735122641475,132.0008625190585,150,True,25.89,,199.0,1e-09,2,150,50,50,0.3,9999,1,0.01,0.05,0.125226,0.638555,20
398,square,auxetic,True,0.1463804043691018,0.1463804043690958,28.0582339525237,33,True,6.08,,199.0,1e-09,2,150,50,50,0.3,9999,1,0.01,0.05,0.285595,0.355364,20
399,square,auxetic,True,0.16885986017519705,0.1688598601751924,41.66260643342292,35,True,6.41,,199.0,1e-09,2,150,50,50,0.3,9999,1,0.01,0.05,0.3839,0.458222,20
